[Licensing::Module] Trying to connect to existing licensing client channel...
Built from '6000.0/staging' branch; Version is '6000.0.62f1 (f99f05b3e950) revision 16359173'; Using compiler version '193933523'; Build Type 'Release'
OS: 'Windows 10  (10.0.19045) 64bit Professional' Language: 'pt' Physical Memory: 16339 MB
BatchMode: 1, IsHumanControllingUs: 0, StartBugReporterOnCrash: 0, Is64bit: 1
Date: 2026-02-25T23:10:08Z
[Licensing::IpcConnector] Successfully connected to: "LicenseClient-Pichau" at "2026-02-25T23:10:08.4927007Z"

COMMAND LINE ARGUMENTS:
C:\Program Files\Unity\Hub\Editor\6000.0.62f1\Editor\Unity.exe
-adb2
-batchMode
-noUpm
-name
AssetImportWorker0
-projectPath
C:/Users/Pichau/Documents/GitHub/beat-up-2d
-logFile
Logs/AssetImportWorker0.log
-srvPort
57801
-licensingIpc
LicenseClient-Pichau
-job-worker-count
3
-background-job-worker-count
8
-gc-helper-count
1
-name
AssetImport
Successfully changed project path to: C:/Users/Pichau/Documents/GitHub/beat-up-2d
C:/Users/Pichau/Documents/GitHub/beat-up-2d
[UnityMemory] Configuration Parameters - Can be set up in boot.config
    "memorysetup-bucket-allocator-granularity=16"
    "memorysetup-bucket-allocator-bucket-count=8"
    "memorysetup-bucket-allocator-block-size=33554432"
    "memorysetup-bucket-allocator-block-count=8"
    "memorysetup-main-allocator-block-size=16777216"
    "memorysetup-thread-allocator-block-size=16777216"
    "memorysetup-gfx-main-allocator-block-size=16777216"
    "memorysetup-gfx-thread-allocator-block-size=16777216"
    "memorysetup-cache-allocator-block-size=4194304"
    "memorysetup-typetree-allocator-block-size=2097152"
    "memorysetup-profiler-bucket-allocator-granularity=16"
    "memorysetup-profiler-bucket-allocator-bucket-count=8"
    "memorysetup-profiler-bucket-allocator-block-size=33554432"
    "memorysetup-profiler-bucket-allocator-block-count=8"
    "memorysetup-profiler-allocator-block-size=16777216"
    "memorysetup-profiler-editor-allocator-block-size=1048576"
    "memorysetup-temp-allocator-size-main=16777216"
    "memorysetup-job-temp-allocator-block-size=2097152"
    "memorysetup-job-temp-allocator-block-size-background=1048576"
    "memorysetup-job-temp-allocator-reduction-small-platforms=262144"
    "memorysetup-allocator-temp-initial-block-size-main=262144"
    "memorysetup-allocator-temp-initial-block-size-worker=262144"
    "memorysetup-temp-allocator-size-background-worker=32768"
    "memorysetup-temp-allocator-size-job-worker=262144"
    "memorysetup-temp-allocator-size-preload-manager=33554432"
    "memorysetup-temp-allocator-size-nav-mesh-worker=65536"
    "memorysetup-temp-allocator-size-audio-worker=65536"
    "memorysetup-temp-allocator-size-cloud-worker=32768"
    "memorysetup-temp-allocator-size-gi-baking-worker=262144"
    "memorysetup-temp-allocator-size-gi-baking-worker=262144"
    "memorysetup-temp-allocator-size-gi-baking-worker=262144"
    "memorysetup-temp-allocator-size-gi-baking-worker=262144"
    "memorysetup-temp-allocator-size-gi-baking-worker=262144"
    "memorysetup-temp-allocator-size-gfx=262144"
Player connection [18216]  Target information:

Player connection [18216]  * "[IP] 192.168.100.60 [Port] 0 [Flags] 2 [Guid] 2754850753 [EditorId] 2754850753 [Version] 1048832 [Id] WindowsEditor(7,DESKTOP-SGLOCM6) [Debug] 1 [PackageName] WindowsEditor [ProjectName] Editor" 

Player connection [18216] Host joined multi-casting on [225.0.0.222:54997]...
Player connection [18216] Host joined alternative multi-casting on [225.0.0.222:34997]...
JobSystem: Creating JobQueue using job-worker-count value 3
Input System module state changed to: Initialized.
[Physics::Module] Initialized fallback backend.
[Physics::Module] Id: 0xdecafbad
[Licensing::Client] Code 10 while verifying Licensing Client signature (process Id: 12460, path: "C:/Program Files/Unity Hub/UnityLicensingClient_V1/Unity.Licensing.Client.exe")
[Licensing::Module] LicensingClient has failed validation; ignoring
[Licensing::Client] Handshaking with LicensingClient:
  Version:                 1.17.4+4293ba1
  Session Id:              965a2f7403b0443ea0e0b952a04a95b3
  Correlation Id:          5be6192b53b4dd3b65433124d4958e51
  External correlation Id: 301747328379565454
  Machine Id:              afbNSEqgkUcxdzrca6U1Co2bncQ=
Library Redirect Path: Library/
[Licensing::Module] Successfully connected to LicensingClient on channel: "LicenseClient-Pichau" (connect: 0.00s, validation: 0.11s, handshake: 0.08s)
[Licensing::IpcConnector] Successfully connected to: "LicenseClient-Pichau-notifications" at "2026-02-25T23:10:08.6735966Z"
[Licensing::Module] Licensing Background thread has ended after 0.18s
[Physics::Module] Selected backend.
[Physics::Module] Name: PhysX
[Physics::Module] Id: 0xf2b8ea05
[Physics::Module] SDK Version: 4.1.2
[Physics::Module] Integration Version: 1.0.0
[Physics::Module] Threading Mode: Multi-Threaded
Refreshing native plugins compatible for Editor in 7.31 ms, found 2 plugins.
Preloading 0 native plugins for Editor in 0.00 ms.
Initialize engine version: 6000.0.62f1 (f99f05b3e950)
[Subsystems] Discovering subsystems at path C:/Program Files/Unity/Hub/Editor/6000.0.62f1/Editor/Data/Resources/UnitySubsystems
[Subsystems] Discovering subsystems at path C:/Users/Pichau/Documents/GitHub/beat-up-2d/Assets
GfxDevice: creating device client; kGfxThreadingModeNonThreaded
Direct3D:
    Version:  Direct3D 11.0 [level 11.1]
    Renderer: AMD Radeon RX 580 2048SP (ID=0x6fdf)
    Vendor:   ATI
    VRAM:     8170 MB
    Driver:   30.0.21023.1015
Initialize mono
Mono path[0] = 'C:/Program Files/Unity/Hub/Editor/6000.0.62f1/Editor/Data/Managed'
Mono path[1] = 'C:/Program Files/Unity/Hub/Editor/6000.0.62f1/Editor/Data/MonoBleedingEdge/lib/mono/unityjit-win32'
Mono config path = 'C:/Program Files/Unity/Hub/Editor/6000.0.62f1/Editor/Data/MonoBleedingEdge/etc'
Using monoOptions --debugger-agent=transport=dt_socket,embedding=1,server=y,suspend=n,address=127.0.0.1:56056
Begin MonoManager ReloadAssembly
Registering precompiled unity dll's ...
Register platform support module: C:/Program Files/Unity/Hub/Editor/6000.0.62f1/Editor/Data/PlaybackEngines/WebGLSupport/UnityEditor.WebGL.Extensions.dll
Register platform support module: C:/Program Files/Unity/Hub/Editor/6000.0.62f1/Editor/Data/PlaybackEngines/WindowsStandaloneSupport/UnityEditor.WindowsStandalone.Extensions.dll
[Licensing::Client] Successfully resolved entitlement details
[Licensing::Module] License group:
  Id: F4-EVHT-JB8B-J3Q2-F8WV-XXXX
  Product: Unity Personal
  Type: ULF
  Expiration: Unlimited
[Licensing::Module] License group:
  Id: 4673571140073-UnityPersXXXX
  Product: Unity Personal
  Type: Assigned
  Expiration: Unlimited
Register platform support module: C:/Program Files/Unity/Hub/Editor/6000.0.62f1/Editor/Data/PlaybackEngines/MetroSupport/UnityEditor.UWP.Extensions.dll
[Licensing::Client] Successfully resolved entitlement details
[Licensing::Module] License group:
  Id: F4-EVHT-JB8B-J3Q2-F8WV-XXXX
  Product: Unity Personal
  Type: ULF
  Expiration: Unlimited
[Licensing::Module] License group:
  Id: 4673571140073-UnityPersXXXX
  Product: Unity Personal
  Type: Assigned
  Expiration: Unlimited
Register platform support module: C:/Program Files/Unity/Hub/Editor/6000.0.62f1/Editor/Data/PlaybackEngines/AndroidPlayer/UnityEditor.Android.Extensions.dll
[Licensing::Client] Successfully resolved entitlement details
[Licensing::Module] License group:
  Id: F4-EVHT-JB8B-J3Q2-F8WV-XXXX
  Product: Unity Personal
  Type: ULF
  Expiration: Unlimited
[Licensing::Module] License group:
  Id: 4673571140073-UnityPersXXXX
  Product: Unity Personal
  Type: Assigned
  Expiration: Unlimited
Register platform support module: C:/Program Files/Unity/Hub/Editor/6000.0.62f1/Editor/Data/PlaybackEngines/iOSSupport/UnityEditor.iOS.Extensions.dll
Register platform support module: C:/Program Files/Unity/Hub/Editor/6000.0.62f1/Editor/Data/PlaybackEngines/AppleTVSupport/UnityEditor.AppleTV.Extensions.dll
Registered in 0.118090 seconds.
- Loaded All Assemblies, in  0.981 seconds
[usbmuxd] Start listen thread
[usbmuxd] Listen thread started
Native extension for AppleTV target not found
[usbmuxd] Start listen thread
[usbmuxd] Listen thread started
Native extension for iOS target not found
Native extension for Android target not found
Android Extension - Scanning For ADB Devices 879 ms
Native extension for UWP target not found
Native extension for WindowsStandalone target not found
Native extension for WebGL target not found
Mono: successfully reloaded assembly
- Finished resetting the current domain, in  2.134 seconds
Domain Reload Profiling: 3166ms
	BeginReloadAssembly (278ms)
		ExecutionOrderSort (0ms)
		DisableScriptedObjects (0ms)
		BackupInstance (0ms)
		ReleaseScriptingObjects (0ms)
		CreateAndSetChildDomain (1ms)
	RebuildCommonClasses (79ms)
	RebuildNativeTypeToScriptingClass (25ms)
	initialDomainReloadingComplete (230ms)
	LoadAllAssembliesAndSetupDomain (420ms)
		LoadAssemblies (274ms)
		RebuildTransferFunctionScriptingTraits (0ms)
		AnalyzeDomain (355ms)
			TypeCache.Refresh (352ms)
				TypeCache.ScanAssembly (331ms)
			BuildScriptInfoCaches (0ms)
			ResolveRequiredComponents (1ms)
	FinalizeReload (2134ms)
		ReleaseScriptCaches (0ms)
		RebuildScriptCaches (0ms)
		SetupLoadedEditorAssemblies (2056ms)
			LogAssemblyErrors (0ms)
			InitializePlatformSupportModulesInManaged (1504ms)
			SetLoadedEditorAssemblies (7ms)
			BeforeProcessingInitializeOnLoad (135ms)
			ProcessInitializeOnLoadAttributes (276ms)
			ProcessInitializeOnLoadMethodAttributes (134ms)
			AfterProcessingInitializeOnLoad (0ms)
			EditorAssembliesLoaded (0ms)
		ExecutionOrderSort2 (0ms)
		AwakeInstancesAfterBackupRestoration (0ms)
========================================================================
Worker process is ready to serve import requests
Import Worker Mode flag is 0x00
Begin MonoManager ReloadAssembly
[Licensing::Client] Successfully resolved entitlement details
[Licensing::Module] License group:
  Id: F4-EVHT-JB8B-J3Q2-F8WV-XXXX
  Product: Unity Personal
  Type: ULF
  Expiration: Unlimited
[Licensing::Module] License group:
  Id: 4673571140073-UnityPersXXXX
  Product: Unity Personal
  Type: Assigned
  Expiration: Unlimited
Symbol file LoadedFromMemory is not a mono symbol file
- Loaded All Assemblies, in  1.705 seconds
Refreshing native plugins compatible for Editor in 8.95 ms, found 2 plugins.
Native extension for AppleTV target not found
Native extension for iOS target not found
Native extension for Android target not found
Native extension for UWP target not found
Native extension for WindowsStandalone target not found
Native extension for WebGL target not found
Refreshing native plugins compatible for Editor in 9.22 ms, found 2 plugins.
Package Manager log level set to [2]
[Package Manager] Failed to launch server process. Reason: Unity was launched with the -noUpm command-line argument
[Package Manager] Unable to send message (not connected to server process).
[Package Manager] Cannot connect to Unity Package Manager local server
Mono: successfully reloaded assembly
- Finished resetting the current domain, in  1.760 seconds
Domain Reload Profiling: 3454ms
	BeginReloadAssembly (700ms)
		ExecutionOrderSort (0ms)
		DisableScriptedObjects (15ms)
		BackupInstance (0ms)
		ReleaseScriptingObjects (0ms)
		CreateAndSetChildDomain (57ms)
	RebuildCommonClasses (73ms)
	RebuildNativeTypeToScriptingClass (32ms)
	initialDomainReloadingComplete (93ms)
	LoadAllAssembliesAndSetupDomain (797ms)
		LoadAssemblies (736ms)
		RebuildTransferFunctionScriptingTraits (0ms)
		AnalyzeDomain (274ms)
			TypeCache.Refresh (226ms)
				TypeCache.ScanAssembly (199ms)
			BuildScriptInfoCaches (40ms)
			ResolveRequiredComponents (5ms)
	FinalizeReload (1760ms)
		ReleaseScriptCaches (0ms)
		RebuildScriptCaches (0ms)
		SetupLoadedEditorAssemblies (1534ms)
			LogAssemblyErrors (0ms)
			InitializePlatformSupportModulesInManaged (49ms)
			SetLoadedEditorAssemblies (8ms)
			BeforeProcessingInitializeOnLoad (222ms)
			ProcessInitializeOnLoadAttributes (868ms)
			ProcessInitializeOnLoadMethodAttributes (368ms)
			AfterProcessingInitializeOnLoad (19ms)
			EditorAssembliesLoaded (1ms)
		ExecutionOrderSort2 (0ms)
		AwakeInstancesAfterBackupRestoration (12ms)
Launched and connected shader compiler UnityShaderCompiler.exe after 0.03 seconds
Refreshing native plugins compatible for Editor in 6.70 ms, found 2 plugins.
Preloading 0 native plugins for Editor in 0.00 ms.
Unloading 0 Unused Serialized files (Serialized files now loaded: 0)
Unloading 2926 unused Assets / (0.8 MB). Loaded Objects now: 3408.
Memory consumption went from 81.7 MB to 80.9 MB.
Total: 13.668200 ms (FindLiveObjects: 0.394000 ms CreateObjectMapping: 0.179900 ms MarkObjects: 12.055100 ms  DeleteObjects: 1.037700 ms)

========================================================================
Received Import Request.
  Time since last request: 101633.542203 seconds.
  path: Assets/Animation/hit_anim.anim
  artifactKey: Guid(91e1b11739370b54fa22b9e91603e761) Importer(2089858483,192608db42251d675da83286b1cce702)
Start importing Assets/Animation/hit_anim.anim using Guid(91e1b11739370b54fa22b9e91603e761) Importer(2089858483,192608db42251d675da83286b1cce702) (ScriptedImporter) -> (artifact id: '77ef94c5c1303300f6999c92c1af653e') in 0.3940632 seconds
Number of updated asset objects reloaded before import = 0Number of asset objects unloaded after import = 1

========================================================================
Received Import Request.
  Time since last request: 0.000026 seconds.
  path: Assets/Scripts/HeroDetector.cs
  artifactKey: Guid(a2d263983806f4afb9841a1086883855) Importer(2089858483,192608db42251d675da83286b1cce702)
Start importing Assets/Scripts/HeroDetector.cs using Guid(a2d263983806f4afb9841a1086883855) Importer(2089858483,192608db42251d675da83286b1cce702) (ScriptedImporter) -> (artifact id: '324eb62561afdb30d0e91d9e4a1289ec') in 0.2414461 seconds
Number of updated asset objects reloaded before import = 0Number of asset objects unloaded after import = 0

========================================================================
Received Import Request.
  Time since last request: 0.000074 seconds.
  path: Assets/Prefabs/ControlCanvas.prefab
  artifactKey: Guid(c9089b0616053405d94582cd4a2e3d33) Importer(2089858483,192608db42251d675da83286b1cce702)
Start importing Assets/Prefabs/ControlCanvas.prefab using Guid(c9089b0616053405d94582cd4a2e3d33) Importer(2089858483,192608db42251d675da83286b1cce702) (ScriptedImporter) -> (artifact id: 'c3ea0e0e8dba2a903e93053174e23011') in 0.5368655 seconds
Number of updated asset objects reloaded before import = 0Number of asset objects unloaded after import = 41

========================================================================
Received Import Request.
  Time since last request: 0.000022 seconds.
  path: Assets/Scripts/HitForwarder.cs
  artifactKey: Guid(259e055de23d442f680bf937f260a290) Importer(2089858483,192608db42251d675da83286b1cce702)
Start importing Assets/Scripts/HitForwarder.cs using Guid(259e055de23d442f680bf937f260a290) Importer(2089858483,192608db42251d675da83286b1cce702) (ScriptedImporter) -> (artifact id: 'f77bb4913382fd4d2b32eb52e4bfe387') in 0.0162452 seconds
Number of updated asset objects reloaded before import = 0Number of asset objects unloaded after import = 0

========================================================================
Received Import Request.
  Time since last request: 0.000028 seconds.
  path: Assets/Meshes/FloorSprites.asset
  artifactKey: Guid(4df56af0d47404e00954721a52b59c1a) Importer(2089858483,192608db42251d675da83286b1cce702)
Start importing Assets/Meshes/FloorSprites.asset using Guid(4df56af0d47404e00954721a52b59c1a) Importer(2089858483,192608db42251d675da83286b1cce702) (ScriptedImporter) -> (artifact id: '9eab23f84592fc00af8342fcb28a963a') in 0.0209146 seconds
Number of updated asset objects reloaded before import = 0Number of asset objects unloaded after import = 1

========================================================================
Received Import Request.
  Time since last request: 0.000097 seconds.
  path: Assets/Animation/Hero/hero_idle_anim_powerup.anim
  artifactKey: Guid(570bc197119044d79af99aba21944ea9) Importer(2089858483,192608db42251d675da83286b1cce702)
Start importing Assets/Animation/Hero/hero_idle_anim_powerup.anim using Guid(570bc197119044d79af99aba21944ea9) Importer(2089858483,192608db42251d675da83286b1cce702) (ScriptedImporter) -> (artifact id: '6dcc323a44773debc3a77544d18aa28c') in 0.0224859 seconds
Number of updated asset objects reloaded before import = 0Number of asset objects unloaded after import = 1

========================================================================
Received Import Request.
  Time since last request: 0.000079 seconds.
  path: Assets/Animation/Hero/hero_jump_attack.anim
  artifactKey: Guid(aa82638d9f9fcc1418a3832550cc08e0) Importer(2089858483,192608db42251d675da83286b1cce702)
Start importing Assets/Animation/Hero/hero_jump_attack.anim using Guid(aa82638d9f9fcc1418a3832550cc08e0) Importer(2089858483,192608db42251d675da83286b1cce702) (ScriptedImporter) -> (artifact id: '3d42e65ef3c08daaea92f12f6dbe43a0') in 0.2181136 seconds
Number of updated asset objects reloaded before import = 0Number of asset objects unloaded after import = 1

========================================================================
Received Import Request.
  Time since last request: 0.000096 seconds.
  path: Assets/Animation/UI/banner_show_anim.anim
  artifactKey: Guid(56514617801c3784b89545337403a38c) Importer(2089858483,192608db42251d675da83286b1cce702)
Start importing Assets/Animation/UI/banner_show_anim.anim using Guid(56514617801c3784b89545337403a38c) Importer(2089858483,192608db42251d675da83286b1cce702) (ScriptedImporter) -> (artifact id: 'f426ed4cbd20004e9255c9c9b42e6532') in 0.0244045 seconds
Number of updated asset objects reloaded before import = 0Number of asset objects unloaded after import = 1

========================================================================
Received Import Request.
  Time since last request: 0.000048 seconds.
  path: Assets/Audio/bgm_latin_industries.mp3
  artifactKey: Guid(46d1528c0d07b4968b7f132b6d87405f) Importer(2089858483,192608db42251d675da83286b1cce702)
Start importing Assets/Audio/bgm_latin_industries.mp3 using Guid(46d1528c0d07b4968b7f132b6d87405f) Importer(2089858483,192608db42251d675da83286b1cce702) (ScriptedImporter) -> (artifact id: '0807d91f74fe38872aba3c4890c7b977') in 0.4756405 seconds
Number of updated asset objects reloaded before import = 0Number of asset objects unloaded after import = 1

========================================================================
Received Import Request.
  Time since last request: 0.000040 seconds.
  path: Assets/Scripts/AudioManager.cs
  artifactKey: Guid(eef1c75aa40f04c118166895f0f5a1bb) Importer(2089858483,192608db42251d675da83286b1cce702)
Start importing Assets/Scripts/AudioManager.cs using Guid(eef1c75aa40f04c118166895f0f5a1bb) Importer(2089858483,192608db42251d675da83286b1cce702) (ScriptedImporter) -> (artifact id: '01fe3aaa77175d70297b4878883eefe9') in 0.1200399 seconds
Number of updated asset objects reloaded before import = 0Number of asset objects unloaded after import = 0

========================================================================
Received Import Request.
  Time since last request: 0.000081 seconds.
  path: Assets/Scenes/Game.unity
  artifactKey: Guid(aa2fa0780b8334ee3ae90db3c9b55a97) Importer(2089858483,192608db42251d675da83286b1cce702)
Start importing Assets/Scenes/Game.unity using Guid(aa2fa0780b8334ee3ae90db3c9b55a97) Importer(2089858483,192608db42251d675da83286b1cce702) (ScriptedImporter) -> (artifact id: '8b07886c926b2a86c0c7b52674268112') in 0.339011 seconds
Number of updated asset objects reloaded before import = 0Number of asset objects unloaded after import = 1

========================================================================
Received Import Request.
  Time since last request: 0.000052 seconds.
  path: Assets/Prefabs/TrashCan.prefab
  artifactKey: Guid(4655216d64f10f8449dcbe2097da227b) Importer(2089858483,192608db42251d675da83286b1cce702)
Start importing Assets/Prefabs/TrashCan.prefab using Guid(4655216d64f10f8449dcbe2097da227b) Importer(2089858483,192608db42251d675da83286b1cce702) (ScriptedImporter) -> (artifact id: '6f23589b3dfa4bb4d6380e3fd010c14b') in 0.0311497 seconds
Number of updated asset objects reloaded before import = 0Number of asset objects unloaded after import = 62

========================================================================
Received Import Request.
  Time since last request: 0.000018 seconds.
  path: Assets/Scripts/JumpCollider.cs
  artifactKey: Guid(83536bb2d9afb4bbfbeec27cbb656a64) Importer(2089858483,192608db42251d675da83286b1cce702)
Start importing Assets/Scripts/JumpCollider.cs using Guid(83536bb2d9afb4bbfbeec27cbb656a64) Importer(2089858483,192608db42251d675da83286b1cce702) (ScriptedImporter) -> (artifact id: 'c97d600ece580f1602e74edfad80edff') in 0.3652441 seconds
Number of updated asset objects reloaded before import = 0Number of asset objects unloaded after import = 0

========================================================================
Received Import Request.
  Time since last request: 0.000128 seconds.
  path: Assets/Images/Background/tiles_image.png
  artifactKey: Guid(dca7503bf278a4fc28844df1fc4489d2) Importer(2089858483,192608db42251d675da83286b1cce702)
Start importing Assets/Images/Background/tiles_image.png using Guid(dca7503bf278a4fc28844df1fc4489d2) Importer(2089858483,192608db42251d675da83286b1cce702) (ScriptedImporter) -> (artifact id: '8877ddec24ed1cf7e4fbacbad97652ab') in 0.9064995 seconds
Number of updated asset objects reloaded before import = 0Number of asset objects unloaded after import = 283

========================================================================
Received Import Request.
  Time since last request: 0.000037 seconds.
  path: Assets/Images/Sprites/Boss/boss_attack_03.png
  artifactKey: Guid(fc486ca04a54e1844bc4223467d0429e) Importer(2089858483,192608db42251d675da83286b1cce702)
Start importing Assets/Images/Sprites/Boss/boss_attack_03.png using Guid(fc486ca04a54e1844bc4223467d0429e) Importer(2089858483,192608db42251d675da83286b1cce702) (ScriptedImporter) -> (artifact id: 'c289c084733e3362aaa7db8e02c86ba7') in 0.2949545 seconds
Number of updated asset objects reloaded before import = 0Number of asset objects unloaded after import = 3

========================================================================
Received Import Request.
  Time since last request: 0.000036 seconds.
  path: Assets/Images/GameHUD/ui_hp_bar.png
  artifactKey: Guid(bbc1f9c50bfd9e74298ff25c4c8bad14) Importer(2089858483,192608db42251d675da83286b1cce702)
Start importing Assets/Images/GameHUD/ui_hp_bar.png using Guid(bbc1f9c50bfd9e74298ff25c4c8bad14) Importer(2089858483,192608db42251d675da83286b1cce702) (ScriptedImporter) -> (artifact id: '31445ca615fe6670ebf7883778411edd') in 0.0337876 seconds
Number of updated asset objects reloaded before import = 0Number of asset objects unloaded after import = 3

========================================================================
Received Import Request.
  Time since last request: 0.000018 seconds.
  path: Assets/Images/MainMenu/bg_title_touchtostart.png
  artifactKey: Guid(0e8b33e5c7c714d7c9f790487946d306) Importer(2089858483,192608db42251d675da83286b1cce702)
Start importing Assets/Images/MainMenu/bg_title_touchtostart.png using Guid(0e8b33e5c7c714d7c9f790487946d306) Importer(2089858483,192608db42251d675da83286b1cce702) (ScriptedImporter) -> (artifact id: '470cbaabf34837ce718b05673c3219bb') in 0.0264017 seconds
Number of updated asset objects reloaded before import = 0Number of asset objects unloaded after import = 3

========================================================================
Received Import Request.
  Time since last request: 0.000017 seconds.
  path: Assets/Images/JoyPad/dpad_downright.png
  artifactKey: Guid(7779acfcff91a32428f6536ea47e6b5e) Importer(2089858483,192608db42251d675da83286b1cce702)
Start importing Assets/Images/JoyPad/dpad_downright.png using Guid(7779acfcff91a32428f6536ea47e6b5e) Importer(2089858483,192608db42251d675da83286b1cce702) (ScriptedImporter) -> (artifact id: '33e3b0ccdaf533d4cb567424308a512d') in 0.2463851 seconds
Number of updated asset objects reloaded before import = 0Number of asset objects unloaded after import = 3

========================================================================
Received Import Request.
  Time since last request: 0.000219 seconds.
  path: Assets/Images/GameHUD/ui_hp_bar_flipped.png
  artifactKey: Guid(41956a8d121f45d448b3308c0a96b201) Importer(2089858483,192608db42251d675da83286b1cce702)
Start importing Assets/Images/GameHUD/ui_hp_bar_flipped.png using Guid(41956a8d121f45d448b3308c0a96b201) Importer(2089858483,192608db42251d675da83286b1cce702) (ScriptedImporter) -> (artifact id: 'd66dfdd3a0e31a9d4e517bd8a25fb539') in 0.0427634 seconds
Number of updated asset objects reloaded before import = 0Number of asset objects unloaded after import = 3

========================================================================
Received Import Request.
  Time since last request: 0.000017 seconds.
  path: Assets/Images/Sprites/Boss/boss_idle_04.png
  artifactKey: Guid(3572b1d1b27dcd9498b58bd61bb736a0) Importer(2089858483,192608db42251d675da83286b1cce702)
Start importing Assets/Images/Sprites/Boss/boss_idle_04.png using Guid(3572b1d1b27dcd9498b58bd61bb736a0) Importer(2089858483,192608db42251d675da83286b1cce702) (ScriptedImporter) -> (artifact id: 'cafdda78af2ee0392e2538c6a288c21c') in 0.0411005 seconds
Number of updated asset objects reloaded before import = 0Number of asset objects unloaded after import = 3

========================================================================
Received Import Request.
  Time since last request: 0.000017 seconds.
  path: Assets/Images/Sprites/Boss/boss_idle_03.png
  artifactKey: Guid(0d2948eddbc37d8458f26a0442e2564e) Importer(2089858483,192608db42251d675da83286b1cce702)
Start importing Assets/Images/Sprites/Boss/boss_idle_03.png using Guid(0d2948eddbc37d8458f26a0442e2564e) Importer(2089858483,192608db42251d675da83286b1cce702) (ScriptedImporter) -> (artifact id: 'bf848b25def5eba15d806807e31c0638') in 0.0269734 seconds
Number of updated asset objects reloaded before import = 0Number of asset objects unloaded after import = 3

========================================================================
Received Import Request.
  Time since last request: 0.000018 seconds.
  path: Assets/Animation/UI/banner_anim_controller.controller
  artifactKey: Guid(f410bbd798cf03e4fbb4caf30e36e71c) Importer(2089858483,192608db42251d675da83286b1cce702)
Start importing Assets/Animation/UI/banner_anim_controller.controller using Guid(f410bbd798cf03e4fbb4caf30e36e71c) Importer(2089858483,192608db42251d675da83286b1cce702) (ScriptedImporter) -> (artifact id: '0d53b682da0f025c18bce3bd42482382') in 0.0179818 seconds
Number of updated asset objects reloaded before import = 0Number of asset objects unloaded after import = 11

========================================================================
Received Import Request.
  Time since last request: 0.000016 seconds.
  path: Assets/Images/Sprites/Boss/boss_attack_01.png
  artifactKey: Guid(e16581340a439974a85ec3bf1bf01413) Importer(2089858483,192608db42251d675da83286b1cce702)
Start importing Assets/Images/Sprites/Boss/boss_attack_01.png using Guid(e16581340a439974a85ec3bf1bf01413) Importer(2089858483,192608db42251d675da83286b1cce702) (ScriptedImporter) -> (artifact id: 'a959642eb70fb6367392a831111613f6') in 0.0305664 seconds
Number of updated asset objects reloaded before import = 0Number of asset objects unloaded after import = 3

========================================================================
Received Import Request.
  Time since last request: 0.000017 seconds.
  path: Assets/Scripts/DestroyTimer.cs
  artifactKey: Guid(898639f421607304fb7f26dbef0ab9aa) Importer(2089858483,192608db42251d675da83286b1cce702)
Start importing Assets/Scripts/DestroyTimer.cs using Guid(898639f421607304fb7f26dbef0ab9aa) Importer(2089858483,192608db42251d675da83286b1cce702) (ScriptedImporter) -> (artifact id: '0f22cb468f15c8552efaa980450b63d3') in 0.0171869 seconds
Number of updated asset objects reloaded before import = 0Number of asset objects unloaded after import = 0

========================================================================
Received Import Request.
  Time since last request: 0.000057 seconds.
  path: Assets/Animation/Hero/hero_jump_land.anim
  artifactKey: Guid(b7adf55674a3d7e4a879d5a32f35a88b) Importer(2089858483,192608db42251d675da83286b1cce702)
Start importing Assets/Animation/Hero/hero_jump_land.anim using Guid(b7adf55674a3d7e4a879d5a32f35a88b) Importer(2089858483,192608db42251d675da83286b1cce702) (ScriptedImporter) -> (artifact id: 'eb83b222f99333a98f0f49957cd1a3d0') in 0.0165464 seconds
Number of updated asset objects reloaded before import = 0Number of asset objects unloaded after import = 1

========================================================================
Received Import Request.
  Time since last request: 0.000025 seconds.
  path: Assets/Animation/Boss/boss_knockout_anim.anim
  artifactKey: Guid(6692dfb960e6abb468dcfe9e8a360e1b) Importer(2089858483,192608db42251d675da83286b1cce702)
Start importing Assets/Animation/Boss/boss_knockout_anim.anim using Guid(6692dfb960e6abb468dcfe9e8a360e1b) Importer(2089858483,192608db42251d675da83286b1cce702) (ScriptedImporter) -> (artifact id: 'e6063b525d2298f59b2a70db91f54454') in 0.0222891 seconds
Number of updated asset objects reloaded before import = 0Number of asset objects unloaded after import = 1

========================================================================
Received Import Request.
  Time since last request: 0.000025 seconds.
  path: Assets/Images/JoyPad/dpad_downleft.png
  artifactKey: Guid(1edcd8b7f63990f4e9ed16fb538fe9ce) Importer(2089858483,192608db42251d675da83286b1cce702)
Start importing Assets/Images/JoyPad/dpad_downleft.png using Guid(1edcd8b7f63990f4e9ed16fb538fe9ce) Importer(2089858483,192608db42251d675da83286b1cce702) (ScriptedImporter) -> (artifact id: '4453c83729e8b5d2cb6cb897dabba48d') in 0.0274274 seconds
Number of updated asset objects reloaded before import = 0Number of asset objects unloaded after import = 3

========================================================================
Received Import Request.
  Time since last request: 0.000043 seconds.
  path: Assets/Animation/Hero/hero_pickup_anim.anim
  artifactKey: Guid(fe96ebfc41dc28f4ab0ed12a2e62e182) Importer(2089858483,192608db42251d675da83286b1cce702)
Start importing Assets/Animation/Hero/hero_pickup_anim.anim using Guid(fe96ebfc41dc28f4ab0ed12a2e62e182) Importer(2089858483,192608db42251d675da83286b1cce702) (ScriptedImporter) -> (artifact id: '1d688ddc9ddee800f1dd5bc5c9078f5d') in 0.0176777 seconds
Number of updated asset objects reloaded before import = 0Number of asset objects unloaded after import = 1

========================================================================
Received Import Request.
  Time since last request: 0.000045 seconds.
  path: Assets/Scripts/Enemy.cs
  artifactKey: Guid(5511d0868cab94859b33b4a7caff720b) Importer(2089858483,192608db42251d675da83286b1cce702)
Start importing Assets/Scripts/Enemy.cs using Guid(5511d0868cab94859b33b4a7caff720b) Importer(2089858483,192608db42251d675da83286b1cce702) (ScriptedImporter) -> (artifact id: '727c5c9384ffaf956460a1c8f730376b') in 0.016834 seconds
Number of updated asset objects reloaded before import = 0Number of asset objects unloaded after import = 0

========================================================================
Received Import Request.
  Time since last request: 0.000061 seconds.
  path: Assets/Scripts/Walker.cs
  artifactKey: Guid(aaf89b754e2e9476b92e7b05c1ecf197) Importer(2089858483,192608db42251d675da83286b1cce702)
Start importing Assets/Scripts/Walker.cs using Guid(aaf89b754e2e9476b92e7b05c1ecf197) Importer(2089858483,192608db42251d675da83286b1cce702) (ScriptedImporter) -> (artifact id: '28dcab5170aef7ccb5f32b69d7aba0d8') in 0.0171251 seconds
Number of updated asset objects reloaded before import = 0Number of asset objects unloaded after import = 0

========================================================================
Received Import Request.
  Time since last request: 0.000023 seconds.
  path: Assets/Animation/Hero/hero_attack3_anim.anim
  artifactKey: Guid(65e2560d13aaafa4ebf8e55b193859ac) Importer(2089858483,192608db42251d675da83286b1cce702)
Start importing Assets/Animation/Hero/hero_attack3_anim.anim using Guid(65e2560d13aaafa4ebf8e55b193859ac) Importer(2089858483,192608db42251d675da83286b1cce702) (ScriptedImporter) -> (artifact id: '93837917212a81c77103a1a93c164a68') in 0.0384329 seconds
Number of updated asset objects reloaded before import = 0Number of asset objects unloaded after import = 1

========================================================================
Received Import Request.
  Time since last request: 0.000055 seconds.
  path: Assets/Prefabs/EnemyBoss.prefab
  artifactKey: Guid(2046347e7430b463f87d2ed4cf6697c0) Importer(2089858483,192608db42251d675da83286b1cce702)
Start importing Assets/Prefabs/EnemyBoss.prefab using Guid(2046347e7430b463f87d2ed4cf6697c0) Importer(2089858483,192608db42251d675da83286b1cce702) (ScriptedImporter) -> (artifact id: '079dfaf23bab666eb594ce162f284675') in 0.0685853 seconds
Number of updated asset objects reloaded before import = 0Number of asset objects unloaded after import = 56

========================================================================
Received Import Request.
  Time since last request: 0.000022 seconds.
  path: Assets/Scripts/LifeBar.cs
  artifactKey: Guid(8c7d929f0230e4ef38ad3929d29ca555) Importer(2089858483,192608db42251d675da83286b1cce702)
Start importing Assets/Scripts/LifeBar.cs using Guid(8c7d929f0230e4ef38ad3929d29ca555) Importer(2089858483,192608db42251d675da83286b1cce702) (ScriptedImporter) -> (artifact id: 'd0ecabbc25b74e279867152ae950a98f') in 0.0175035 seconds
Number of updated asset objects reloaded before import = 0Number of asset objects unloaded after import = 0

========================================================================
Received Import Request.
  Time since last request: 0.000064 seconds.
  path: Assets/Animation/Hero/hero_getup_anim.anim
  artifactKey: Guid(316bbd7c8b32a1e4abbd55cf9aa90791) Importer(2089858483,192608db42251d675da83286b1cce702)
Start importing Assets/Animation/Hero/hero_getup_anim.anim using Guid(316bbd7c8b32a1e4abbd55cf9aa90791) Importer(2089858483,192608db42251d675da83286b1cce702) (ScriptedImporter) -> (artifact id: 'f2e4802412790869198abbe326eadcdd') in 0.0236557 seconds
Number of updated asset objects reloaded before import = 0Number of asset objects unloaded after import = 1

========================================================================
Received Import Request.
  Time since last request: 0.000044 seconds.
  path: Assets/Images/GameHUD/ui_hp_hero_thumb.png
  artifactKey: Guid(181b42b9be03d2349a47ffcfb6b8d27a) Importer(2089858483,192608db42251d675da83286b1cce702)
Start importing Assets/Images/GameHUD/ui_hp_hero_thumb.png using Guid(181b42b9be03d2349a47ffcfb6b8d27a) Importer(2089858483,192608db42251d675da83286b1cce702) (ScriptedImporter) -> (artifact id: 'c456775812abe1cd84966f11112d3122') in 0.0312771 seconds
Number of updated asset objects reloaded before import = 0Number of asset objects unloaded after import = 3

========================================================================
Received Import Request.
  Time since last request: 0.000019 seconds.
  path: Assets/Scripts/CameraBounds.cs
  artifactKey: Guid(5617959395b40410484a184c2ebb8ce1) Importer(2089858483,192608db42251d675da83286b1cce702)
Start importing Assets/Scripts/CameraBounds.cs using Guid(5617959395b40410484a184c2ebb8ce1) Importer(2089858483,192608db42251d675da83286b1cce702) (ScriptedImporter) -> (artifact id: '73af9c72f8007555b7a1419471f1bf90') in 0.0180679 seconds
Number of updated asset objects reloaded before import = 0Number of asset objects unloaded after import = 0

========================================================================
Received Import Request.
  Time since last request: 0.000079 seconds.
  path: Assets/Images/Sprites/Boss/boss_knockout_00.png
  artifactKey: Guid(993b4a8c3f05d104882b6e296c61a86d) Importer(2089858483,192608db42251d675da83286b1cce702)
Start importing Assets/Images/Sprites/Boss/boss_knockout_00.png using Guid(993b4a8c3f05d104882b6e296c61a86d) Importer(2089858483,192608db42251d675da83286b1cce702) (ScriptedImporter) -> (artifact id: '1c2c9c088f5351f14162d3d5ae3f477f') in 0.0300222 seconds
Number of updated asset objects reloaded before import = 0Number of asset objects unloaded after import = 3

========================================================================
Received Import Request.
  Time since last request: 0.000034 seconds.
  path: Assets/Images/Background/BackgroundMaterial.mat
  artifactKey: Guid(cd306de1d3ca64f978b6218245bcd392) Importer(2089858483,192608db42251d675da83286b1cce702)
Start importing Assets/Images/Background/BackgroundMaterial.mat using Guid(cd306de1d3ca64f978b6218245bcd392) Importer(2089858483,192608db42251d675da83286b1cce702) (ScriptedImporter) -> (artifact id: '34333c4a66b6f721fa82df3cb2f2d7ae') in 0.0668851 seconds
Number of updated asset objects reloaded before import = 0Number of asset objects unloaded after import = 2

========================================================================
Received Import Request.
  Time since last request: 0.000035 seconds.
  path: Assets/Images/Sprites/Hero/hero_attack_01_02.png
  artifactKey: Guid(2c7ef4968eb70d24db07dc126b1315e4) Importer(2089858483,192608db42251d675da83286b1cce702)
Start importing Assets/Images/Sprites/Hero/hero_attack_01_02.png using Guid(2c7ef4968eb70d24db07dc126b1315e4) Importer(2089858483,192608db42251d675da83286b1cce702) (ScriptedImporter) -> (artifact id: 'b93cfdb75bf6705bd416b273ee819b5b') in 0.0436403 seconds
Number of updated asset objects reloaded before import = 0Number of asset objects unloaded after import = 3

========================================================================
Received Import Request.
  Time since last request: 0.000017 seconds.
  path: Assets/Images/Sprites/Hero/hero_attack_00_00.png
  artifactKey: Guid(e2227146e7d8cf047bdead036364ab1f) Importer(2089858483,192608db42251d675da83286b1cce702)
Start importing Assets/Images/Sprites/Hero/hero_attack_00_00.png using Guid(e2227146e7d8cf047bdead036364ab1f) Importer(2089858483,192608db42251d675da83286b1cce702) (ScriptedImporter) -> (artifact id: 'fd433fdb19a86a5f8a7f45634b8daba0') in 0.3622018 seconds
Number of updated asset objects reloaded before import = 0Number of asset objects unloaded after import = 3

========================================================================
Received Import Request.
  Time since last request: 0.000021 seconds.
  path: Assets/Images/Sprites/Hero/hero_attack_01_01.png
  artifactKey: Guid(473fe0a76787efb4dac8265d9ce63757) Importer(2089858483,192608db42251d675da83286b1cce702)
Start importing Assets/Images/Sprites/Hero/hero_attack_01_01.png using Guid(473fe0a76787efb4dac8265d9ce63757) Importer(2089858483,192608db42251d675da83286b1cce702) (ScriptedImporter) -> (artifact id: 'c475ebdede8455a3c91da3d52bdcac0e') in 0.0355523 seconds
Number of updated asset objects reloaded before import = 0Number of asset objects unloaded after import = 3

========================================================================
Received Import Request.
  Time since last request: 0.000026 seconds.
  path: Assets/Images/Sprites/Boss/boss_walk_04.png
  artifactKey: Guid(191f820d29f235945ad5ace0424fd493) Importer(2089858483,192608db42251d675da83286b1cce702)
Start importing Assets/Images/Sprites/Boss/boss_walk_04.png using Guid(191f820d29f235945ad5ace0424fd493) Importer(2089858483,192608db42251d675da83286b1cce702) (ScriptedImporter) -> (artifact id: 'e022acf58cdd77d3d01475e158993b81') in 0.2010516 seconds
Number of updated asset objects reloaded before import = 0Number of asset objects unloaded after import = 3

========================================================================
Received Import Request.
  Time since last request: 0.000015 seconds.
  path: Assets/Images/Sprites/Hero/hero_attack_02_01.png
  artifactKey: Guid(8a3e6c66f64d89a47847821b2ca87b79) Importer(2089858483,192608db42251d675da83286b1cce702)
Start importing Assets/Images/Sprites/Hero/hero_attack_02_01.png using Guid(8a3e6c66f64d89a47847821b2ca87b79) Importer(2089858483,192608db42251d675da83286b1cce702) (ScriptedImporter) -> (artifact id: '72dcf90e847ff23b869fd6c552c6953b') in 0.0345859 seconds
Number of updated asset objects reloaded before import = 0Number of asset objects unloaded after import = 3

========================================================================
Received Import Request.
  Time since last request: 0.000026 seconds.
  path: Assets/Images/Sprites/Hero/hero_idle_04.png
  artifactKey: Guid(77be05ee423771342b491a48218f68ee) Importer(2089858483,192608db42251d675da83286b1cce702)
Start importing Assets/Images/Sprites/Hero/hero_idle_04.png using Guid(77be05ee423771342b491a48218f68ee) Importer(2089858483,192608db42251d675da83286b1cce702) (ScriptedImporter) -> (artifact id: 'b219ee11b305028e0c78a6ca791b87cd') in 0.1751197 seconds
Number of updated asset objects reloaded before import = 0Number of asset objects unloaded after import = 3

========================================================================
Received Import Request.
  Time since last request: 0.000031 seconds.
  path: Assets/Images/Sprites/Hero/hero_jumpattack_02.png
  artifactKey: Guid(29dc726dcbdaea84fafab4d55cb50ccd) Importer(2089858483,192608db42251d675da83286b1cce702)
Start importing Assets/Images/Sprites/Hero/hero_jumpattack_02.png using Guid(29dc726dcbdaea84fafab4d55cb50ccd) Importer(2089858483,192608db42251d675da83286b1cce702) (ScriptedImporter) -> (artifact id: 'd0df9d820acb7a97145f3a900a04fdd1') in 0.0328052 seconds
Number of updated asset objects reloaded before import = 0Number of asset objects unloaded after import = 3

========================================================================
Received Import Request.
  Time since last request: 0.000017 seconds.
  path: Assets/Images/Sprites/Boss/boss_walk_02.png
  artifactKey: Guid(61c585b274aa1f4488828d806aca6ffd) Importer(2089858483,192608db42251d675da83286b1cce702)
Start importing Assets/Images/Sprites/Boss/boss_walk_02.png using Guid(61c585b274aa1f4488828d806aca6ffd) Importer(2089858483,192608db42251d675da83286b1cce702) (ScriptedImporter) -> (artifact id: 'ef30d7ec321c3596b82bffad5c9edebb') in 0.2834117 seconds
Number of updated asset objects reloaded before import = 0Number of asset objects unloaded after import = 3

========================================================================
Received Import Request.
  Time since last request: 0.000026 seconds.
  path: Assets/Images/Sprites/Hero/hero_run_02.png
  artifactKey: Guid(7e8f4318dc4b16940b8539a6ce7a84dc) Importer(2089858483,192608db42251d675da83286b1cce702)
Start importing Assets/Images/Sprites/Hero/hero_run_02.png using Guid(7e8f4318dc4b16940b8539a6ce7a84dc) Importer(2089858483,192608db42251d675da83286b1cce702) (ScriptedImporter) -> (artifact id: '1ed5b3e619fa9bb40a8a81225e13facf') in 0.0736438 seconds
Number of updated asset objects reloaded before import = 0Number of asset objects unloaded after import = 3

========================================================================
Received Import Request.
  Time since last request: 0.000491 seconds.
  path: Assets/Images/Sprites/Hero/hero_runattack_02.png
  artifactKey: Guid(19d2a66ae512daa4f89b6916628fc5d4) Importer(2089858483,192608db42251d675da83286b1cce702)
Start importing Assets/Images/Sprites/Hero/hero_runattack_02.png using Guid(19d2a66ae512daa4f89b6916628fc5d4) Importer(2089858483,192608db42251d675da83286b1cce702) (ScriptedImporter) -> (artifact id: '1a5b67c0d037a66fc3f74df99f36f320') in 0.2083567 seconds
Number of updated asset objects reloaded before import = 0Number of asset objects unloaded after import = 3

========================================================================
Received Import Request.
  Time since last request: 0.000021 seconds.
  path: Assets/Images/Sprites/Hero/hero_knockout_01.png
  artifactKey: Guid(9871713d87913df4887f2e1e476ec3d8) Importer(2089858483,192608db42251d675da83286b1cce702)
Start importing Assets/Images/Sprites/Hero/hero_knockout_01.png using Guid(9871713d87913df4887f2e1e476ec3d8) Importer(2089858483,192608db42251d675da83286b1cce702) (ScriptedImporter) -> (artifact id: 'da1ee40e53d95834f4223077b393a493') in 0.0588511 seconds
Number of updated asset objects reloaded before import = 0Number of asset objects unloaded after import = 3

========================================================================
Received Import Request.
  Time since last request: 0.000025 seconds.
  path: Assets/Images/Sprites/Hero/hero_knockout_03.png
  artifactKey: Guid(427de26d3051e05408931ec0b5cf2ab1) Importer(2089858483,192608db42251d675da83286b1cce702)
Start importing Assets/Images/Sprites/Hero/hero_knockout_03.png using Guid(427de26d3051e05408931ec0b5cf2ab1) Importer(2089858483,192608db42251d675da83286b1cce702) (ScriptedImporter) -> (artifact id: '577c010ea838ec60187a80c0274153c7') in 0.0463244 seconds
Number of updated asset objects reloaded before import = 0Number of asset objects unloaded after import = 3

========================================================================
Received Import Request.
  Time since last request: 0.002059 seconds.
  path: Assets/Images/Sprites/Hero/hero_walk_00.png
  artifactKey: Guid(fac6d2b19b875714c8a23bc0196a21db) Importer(2089858483,192608db42251d675da83286b1cce702)
Start importing Assets/Images/Sprites/Hero/hero_walk_00.png using Guid(fac6d2b19b875714c8a23bc0196a21db) Importer(2089858483,192608db42251d675da83286b1cce702) (ScriptedImporter) -> (artifact id: 'a0a7ece1f566c10f17a10721ef9c31a1') in 0.0515412 seconds
Number of updated asset objects reloaded before import = 0Number of asset objects unloaded after import = 3

========================================================================
Received Import Request.
  Time since last request: 0.000017 seconds.
  path: Assets/Images/Sprites/Hero/hero_idle_05.png
  artifactKey: Guid(5769ddf2295a35a4298988fe57487f86) Importer(2089858483,192608db42251d675da83286b1cce702)
Start importing Assets/Images/Sprites/Hero/hero_idle_05.png using Guid(5769ddf2295a35a4298988fe57487f86) Importer(2089858483,192608db42251d675da83286b1cce702) (ScriptedImporter) -> (artifact id: '08097b0981224c118d0705fcba8ff5b4') in 0.1348191 seconds
Number of updated asset objects reloaded before import = 0Number of asset objects unloaded after import = 3

========================================================================
Received Import Request.
  Time since last request: 0.000021 seconds.
  path: Assets/Scripts/Robot.cs
  artifactKey: Guid(d0f9079d6a3b448f7bcb18e54c25d855) Importer(2089858483,192608db42251d675da83286b1cce702)
Start importing Assets/Scripts/Robot.cs using Guid(d0f9079d6a3b448f7bcb18e54c25d855) Importer(2089858483,192608db42251d675da83286b1cce702) (ScriptedImporter) -> (artifact id: '5692d8c5232f623ead22689a5c331b43') in 0.2941697 seconds
Number of updated asset objects reloaded before import = 0Number of asset objects unloaded after import = 0

========================================================================
Received Import Request.
  Time since last request: 0.000055 seconds.
  path: Assets/Images/Sprites/Misc/hiteffect_03.png
  artifactKey: Guid(bff465909a5da9e4290bc53e267195ab) Importer(2089858483,192608db42251d675da83286b1cce702)
Start importing Assets/Images/Sprites/Misc/hiteffect_03.png using Guid(bff465909a5da9e4290bc53e267195ab) Importer(2089858483,192608db42251d675da83286b1cce702) (ScriptedImporter) -> (artifact id: '0f1ea3a38640394e0363a171b9476fdd') in 0.040177 seconds
Number of updated asset objects reloaded before import = 0Number of asset objects unloaded after import = 3

========================================================================
Received Import Request.
  Time since last request: 0.000017 seconds.
  path: Assets/Images/Sprites/Hero/hero_walk_02.png
  artifactKey: Guid(a7f43b1c09123904eb8a918d47138592) Importer(2089858483,192608db42251d675da83286b1cce702)
Start importing Assets/Images/Sprites/Hero/hero_walk_02.png using Guid(a7f43b1c09123904eb8a918d47138592) Importer(2089858483,192608db42251d675da83286b1cce702) (ScriptedImporter) -> (artifact id: '337e339c67fa3373891208a0316f664e') in 0.0372081 seconds
Number of updated asset objects reloaded before import = 0Number of asset objects unloaded after import = 3

========================================================================
Received Import Request.
  Time since last request: 0.000016 seconds.
  path: Assets/Images/Sprites/Hero/hero_jumpattack_01.png
  artifactKey: Guid(57e9b12d1ef6690448b93b18858f1151) Importer(2089858483,192608db42251d675da83286b1cce702)
Start importing Assets/Images/Sprites/Hero/hero_jumpattack_01.png using Guid(57e9b12d1ef6690448b93b18858f1151) Importer(2089858483,192608db42251d675da83286b1cce702) (ScriptedImporter) -> (artifact id: '0bd8b5f5a7bc4ce1f4d43fc8459cf85b') in 0.2275013 seconds
Number of updated asset objects reloaded before import = 0Number of asset objects unloaded after import = 3

========================================================================
Received Import Request.
  Time since last request: 0.000025 seconds.
  path: Assets/Prefabs/Map1.prefab
  artifactKey: Guid(d200073c8aebf434e905fd8e4e831d1e) Importer(2089858483,192608db42251d675da83286b1cce702)
Start importing Assets/Prefabs/Map1.prefab using Guid(d200073c8aebf434e905fd8e4e831d1e) Importer(2089858483,192608db42251d675da83286b1cce702) (ScriptedImporter) -> (artifact id: 'fd60dde052bcac49a7509f3c2815b411') in 0.0347517 seconds
Number of updated asset objects reloaded before import = 0Number of asset objects unloaded after import = 125

========================================================================
Received Import Request.
  Time since last request: 0.000042 seconds.
  path: Assets/LevelData/Level2Data.asset
  artifactKey: Guid(ee1fb03240966c0488d902283df802f7) Importer(2089858483,192608db42251d675da83286b1cce702)
Start importing Assets/LevelData/Level2Data.asset using Guid(ee1fb03240966c0488d902283df802f7) Importer(2089858483,192608db42251d675da83286b1cce702) (ScriptedImporter) -> (artifact id: '2efa6ec58d8052affa4c03f961c23c64') in 0.2650364 seconds
Number of updated asset objects reloaded before import = 0Number of asset objects unloaded after import = 125

========================================================================
Received Import Request.
  Time since last request: 0.000034 seconds.
  path: Assets/Images/Sprites/Misc/trashcan_right.png
  artifactKey: Guid(b61b79cee4eceae439f659a994495e90) Importer(2089858483,192608db42251d675da83286b1cce702)
Start importing Assets/Images/Sprites/Misc/trashcan_right.png using Guid(b61b79cee4eceae439f659a994495e90) Importer(2089858483,192608db42251d675da83286b1cce702) (ScriptedImporter) -> (artifact id: 'd52a24d90050eb5954b7ae13209164be') in 0.0450903 seconds
Number of updated asset objects reloaded before import = 0Number of asset objects unloaded after import = 3

========================================================================
Received Import Request.
  Time since last request: 0.000030 seconds.
  path: Assets/Images/Sprites/Powerup/weapon_attack_00_00.png
  artifactKey: Guid(6cd13a76572e1454d85433c2aec7c5c6) Importer(2089858483,192608db42251d675da83286b1cce702)
Start importing Assets/Images/Sprites/Powerup/weapon_attack_00_00.png using Guid(6cd13a76572e1454d85433c2aec7c5c6) Importer(2089858483,192608db42251d675da83286b1cce702) (ScriptedImporter) -> (artifact id: '1ed163c92d0b93e21e5bc767b9d6ed74') in 0.3337357 seconds
Number of updated asset objects reloaded before import = 0Number of asset objects unloaded after import = 3

========================================================================
Received Import Request.
  Time since last request: 0.000017 seconds.
  path: Assets/Animation/Hero/hero_jump_rise.anim
  artifactKey: Guid(a3867039a98daf246bcf632235162e01) Importer(2089858483,192608db42251d675da83286b1cce702)
Start importing Assets/Animation/Hero/hero_jump_rise.anim using Guid(a3867039a98daf246bcf632235162e01) Importer(2089858483,192608db42251d675da83286b1cce702) (ScriptedImporter) -> (artifact id: '12ee531faac5c9de503d6914aafc915e') in 0.2406431 seconds
Number of updated asset objects reloaded before import = 0Number of asset objects unloaded after import = 1

========================================================================
Received Import Request.
  Time since last request: 0.000053 seconds.
  path: Assets/Animation/Robots/robot_walk_anim.anim
  artifactKey: Guid(7a1be8a2595146d40b3dc385c9ea9ad4) Importer(2089858483,192608db42251d675da83286b1cce702)
Start importing Assets/Animation/Robots/robot_walk_anim.anim using Guid(7a1be8a2595146d40b3dc385c9ea9ad4) Importer(2089858483,192608db42251d675da83286b1cce702) (ScriptedImporter) -> (artifact id: '514defb2bef70b7f2bb26a47fee9d08b') in 0.0244502 seconds
Number of updated asset objects reloaded before import = 0Number of asset objects unloaded after import = 1

========================================================================
Received Import Request.
  Time since last request: 0.000037 seconds.
  path: Assets/Images/Sprites/Hero/hero_attack_02_00.png
  artifactKey: Guid(9870d59bce933424e84bfdbb9f102a92) Importer(2089858483,192608db42251d675da83286b1cce702)
Start importing Assets/Images/Sprites/Hero/hero_attack_02_00.png using Guid(9870d59bce933424e84bfdbb9f102a92) Importer(2089858483,192608db42251d675da83286b1cce702) (ScriptedImporter) -> (artifact id: '85d8b0ef4ab81b0238d38dad9d9b7e90') in 0.0416529 seconds
Number of updated asset objects reloaded before import = 0Number of asset objects unloaded after import = 3

========================================================================
Received Import Request.
  Time since last request: 0.000022 seconds.
  path: Assets/Scripts/Actor.cs
  artifactKey: Guid(723ee73528ac141398d5e03234b18d8c) Importer(2089858483,192608db42251d675da83286b1cce702)
Start importing Assets/Scripts/Actor.cs using Guid(723ee73528ac141398d5e03234b18d8c) Importer(2089858483,192608db42251d675da83286b1cce702) (ScriptedImporter) -> (artifact id: 'cf8512e291e4473e3eac5e80a5a2ba24') in 0.0230536 seconds
Number of updated asset objects reloaded before import = 0Number of asset objects unloaded after import = 0

========================================================================
Received Import Request.
  Time since last request: 0.000118 seconds.
  path: Assets/Images/JoyPad/dpad_down.png
  artifactKey: Guid(76fab106e7e1e3a46a734ccc5c79e5ac) Importer(2089858483,192608db42251d675da83286b1cce702)
Start importing Assets/Images/JoyPad/dpad_down.png using Guid(76fab106e7e1e3a46a734ccc5c79e5ac) Importer(2089858483,192608db42251d675da83286b1cce702) (ScriptedImporter) -> (artifact id: '2db6ceb4ef35388620d621630117dc59') in 0.1748564 seconds
Number of updated asset objects reloaded before import = 0Number of asset objects unloaded after import = 3

========================================================================
Received Import Request.
  Time since last request: 0.000327 seconds.
  path: Assets/Images/Sprites/Hero/hero_jumpattack_00.png
  artifactKey: Guid(255a7d9539e69b543ba92f20303f5f28) Importer(2089858483,192608db42251d675da83286b1cce702)
Start importing Assets/Images/Sprites/Hero/hero_jumpattack_00.png using Guid(255a7d9539e69b543ba92f20303f5f28) Importer(2089858483,192608db42251d675da83286b1cce702) (ScriptedImporter) -> (artifact id: '44f8f273351c15fa630f872be9d5b0f6') in 0.0559373 seconds
Number of updated asset objects reloaded before import = 0Number of asset objects unloaded after import = 3

========================================================================
Received Import Request.
  Time since last request: 0.000023 seconds.
  path: Assets/Images/Sprites/Powerup/weapon_idle_02.png
  artifactKey: Guid(09092e54456cddb49a0302b966ed8a2a) Importer(2089858483,192608db42251d675da83286b1cce702)
Start importing Assets/Images/Sprites/Powerup/weapon_idle_02.png using Guid(09092e54456cddb49a0302b966ed8a2a) Importer(2089858483,192608db42251d675da83286b1cce702) (ScriptedImporter) -> (artifact id: '2879e8201eb27cc3c8840e8840baaa3c') in 0.0486836 seconds
Number of updated asset objects reloaded before import = 0Number of asset objects unloaded after import = 3

========================================================================
Received Import Request.
  Time since last request: 0.000021 seconds.
  path: Assets/Images/Sprites/Powerup/weapon_idle_00.png
  artifactKey: Guid(f89b7a2fd7eb2d8449e6aafbdf0e3c1d) Importer(2089858483,192608db42251d675da83286b1cce702)
Start importing Assets/Images/Sprites/Powerup/weapon_idle_00.png using Guid(f89b7a2fd7eb2d8449e6aafbdf0e3c1d) Importer(2089858483,192608db42251d675da83286b1cce702) (ScriptedImporter) -> (artifact id: 'b25ae3cf66bf20cc13103fef885b3ef7') in 0.1336491 seconds
Number of updated asset objects reloaded before import = 0Number of asset objects unloaded after import = 3

========================================================================
Received Import Request.
  Time since last request: 0.000024 seconds.
  path: Assets/Images/Sprites/Powerup/weapon_attack_01_02.png
  artifactKey: Guid(1fa767f66b016304fb3f145a863827c4) Importer(2089858483,192608db42251d675da83286b1cce702)
Start importing Assets/Images/Sprites/Powerup/weapon_attack_01_02.png using Guid(1fa767f66b016304fb3f145a863827c4) Importer(2089858483,192608db42251d675da83286b1cce702) (ScriptedImporter) -> (artifact id: 'ed4ac7f4975f30734a19166ead3ee612') in 0.0334762 seconds
Number of updated asset objects reloaded before import = 0Number of asset objects unloaded after import = 3

========================================================================
Received Import Request.
  Time since last request: 0.000024 seconds.
  path: Assets/Images/Sprites/Powerup/weapon_idle_01.png
  artifactKey: Guid(184ceb6d3698c85418a79687ed994476) Importer(2089858483,192608db42251d675da83286b1cce702)
Start importing Assets/Images/Sprites/Powerup/weapon_idle_01.png using Guid(184ceb6d3698c85418a79687ed994476) Importer(2089858483,192608db42251d675da83286b1cce702) (ScriptedImporter) -> (artifact id: '6cb878e86ccd58c5230ff52881b0be6b') in 0.0352926 seconds
Number of updated asset objects reloaded before import = 0Number of asset objects unloaded after import = 3

========================================================================
Received Import Request.
  Time since last request: 0.000022 seconds.
  path: Assets/Images/Sprites/Powerup/weapon_attack_02_02.png
  artifactKey: Guid(999da1c8ee85cbb4cb90183c906e9a0a) Importer(2089858483,192608db42251d675da83286b1cce702)
Start importing Assets/Images/Sprites/Powerup/weapon_attack_02_02.png using Guid(999da1c8ee85cbb4cb90183c906e9a0a) Importer(2089858483,192608db42251d675da83286b1cce702) (ScriptedImporter) -> (artifact id: '856f7c1b2875fbf0da409243652b8a8c') in 0.0387678 seconds
Number of updated asset objects reloaded before import = 0Number of asset objects unloaded after import = 3

========================================================================
Received Import Request.
  Time since last request: 0.000017 seconds.
  path: Assets/Images/Fonts/04b03.ttf
  artifactKey: Guid(2d57ec1f58249384e96622938787eeb5) Importer(2089858483,192608db42251d675da83286b1cce702)
Start importing Assets/Images/Fonts/04b03.ttf using Guid(2d57ec1f58249384e96622938787eeb5) Importer(2089858483,192608db42251d675da83286b1cce702) (ScriptedImporter) -> (artifact id: '44009822bade121b07ed4de289dde23c') in 0.0612777 seconds
Number of updated asset objects reloaded before import = 0Number of asset objects unloaded after import = 3

========================================================================
Received Import Request.
  Time since last request: 0.000017 seconds.
  path: Assets/Images/Sprites/Hero/hero_jump_05.png
  artifactKey: Guid(d819f1cd8c8fc2f499a459b81e7d7740) Importer(2089858483,192608db42251d675da83286b1cce702)
Start importing Assets/Images/Sprites/Hero/hero_jump_05.png using Guid(d819f1cd8c8fc2f499a459b81e7d7740) Importer(2089858483,192608db42251d675da83286b1cce702) (ScriptedImporter) -> (artifact id: '7d359d501c93f6ebd05e75bb262d400c') in 0.3167582 seconds
Number of updated asset objects reloaded before import = 0Number of asset objects unloaded after import = 3

========================================================================
Received Import Request.
  Time since last request: 0.000026 seconds.
  path: Assets/Images/Sprites/Powerup/weapon_idle_03.png
  artifactKey: Guid(85a3e071a25d5654ea75340ac32102c9) Importer(2089858483,192608db42251d675da83286b1cce702)
Start importing Assets/Images/Sprites/Powerup/weapon_idle_03.png using Guid(85a3e071a25d5654ea75340ac32102c9) Importer(2089858483,192608db42251d675da83286b1cce702) (ScriptedImporter) -> (artifact id: 'fc5dfe4130aba9ac99cd370d4411a585') in 0.0410279 seconds
Number of updated asset objects reloaded before import = 0Number of asset objects unloaded after import = 3

========================================================================
Received Import Request.
  Time since last request: 0.000032 seconds.
  path: Assets/Images/Sprites/Powerup/weapon_idle_04.png
  artifactKey: Guid(888eb38b549b2004096e33b4e01cadf4) Importer(2089858483,192608db42251d675da83286b1cce702)
Start importing Assets/Images/Sprites/Powerup/weapon_idle_04.png using Guid(888eb38b549b2004096e33b4e01cadf4) Importer(2089858483,192608db42251d675da83286b1cce702) (ScriptedImporter) -> (artifact id: '3cd2606cb1bd13cdefe6056816e99f92') in 0.0464635 seconds
Number of updated asset objects reloaded before import = 0Number of asset objects unloaded after import = 3

========================================================================
Received Import Request.
  Time since last request: 0.000058 seconds.
  path: Assets/Images/Sprites/Hero/hero_walk_04.png
  artifactKey: Guid(333ab7ba4dda5f941a87a48fd545f98b) Importer(2089858483,192608db42251d675da83286b1cce702)
Start importing Assets/Images/Sprites/Hero/hero_walk_04.png using Guid(333ab7ba4dda5f941a87a48fd545f98b) Importer(2089858483,192608db42251d675da83286b1cce702) (ScriptedImporter) -> (artifact id: '6230beb214894e60358e3fdc20ea1d59') in 0.2801386 seconds
Number of updated asset objects reloaded before import = 0Number of asset objects unloaded after import = 3

========================================================================
Received Import Request.
  Time since last request: 0.000022 seconds.
  path: Assets/Images/Sprites/Robot/robot_base_attack_01.png
  artifactKey: Guid(656821e7b86e7094590ef8d9c49d7a1a) Importer(2089858483,192608db42251d675da83286b1cce702)
Start importing Assets/Images/Sprites/Robot/robot_base_attack_01.png using Guid(656821e7b86e7094590ef8d9c49d7a1a) Importer(2089858483,192608db42251d675da83286b1cce702) (ScriptedImporter) -> (artifact id: '25c88bc56938a015c2fd445fb710d33f') in 0.0401862 seconds
Number of updated asset objects reloaded before import = 0Number of asset objects unloaded after import = 3

========================================================================
Received Import Request.
  Time since last request: 0.000032 seconds.
  path: Assets/Audio/sfx_enemydeath.wav
  artifactKey: Guid(252af21ffa9ba2e449728347e42a3bb5) Importer(2089858483,192608db42251d675da83286b1cce702)
Start importing Assets/Audio/sfx_enemydeath.wav using Guid(252af21ffa9ba2e449728347e42a3bb5) Importer(2089858483,192608db42251d675da83286b1cce702) (ScriptedImporter) -> (artifact id: '5b955b6e863bdb0e1db72d058367ab32') in 0.318492 seconds
Number of updated asset objects reloaded before import = 0Number of asset objects unloaded after import = 1

========================================================================
Received Import Request.
  Time since last request: 0.000029 seconds.
  path: Assets/Images/Sprites/Hero/hero_getup_03.png
  artifactKey: Guid(067f20a5bea82084da4dacfec73ea824) Importer(2089858483,192608db42251d675da83286b1cce702)
Start importing Assets/Images/Sprites/Hero/hero_getup_03.png using Guid(067f20a5bea82084da4dacfec73ea824) Importer(2089858483,192608db42251d675da83286b1cce702) (ScriptedImporter) -> (artifact id: 'd411f9be9323b2c46458cbfa22c336bc') in 0.0399004 seconds
Number of updated asset objects reloaded before import = 0Number of asset objects unloaded after import = 3

========================================================================
Received Import Request.
  Time since last request: 0.000018 seconds.
  path: Assets/Prefabs/EnemyRobot.prefab
  artifactKey: Guid(ce958e5a8813f4bc9bd13095fe6f4a27) Importer(2089858483,192608db42251d675da83286b1cce702)
Start importing Assets/Prefabs/EnemyRobot.prefab using Guid(ce958e5a8813f4bc9bd13095fe6f4a27) Importer(2089858483,192608db42251d675da83286b1cce702) (ScriptedImporter) -> (artifact id: 'd53b47fe4cc675e22b3b6a0423907832') in 0.3434741 seconds
Number of updated asset objects reloaded before import = 0Number of asset objects unloaded after import = 66

========================================================================
Received Import Request.
  Time since last request: 0.000023 seconds.
  path: Assets/Images/Sprites/Powerup/weapon_attack_01_01.png
  artifactKey: Guid(e3c120d16fcef57448d597ac79d99893) Importer(2089858483,192608db42251d675da83286b1cce702)
Start importing Assets/Images/Sprites/Powerup/weapon_attack_01_01.png using Guid(e3c120d16fcef57448d597ac79d99893) Importer(2089858483,192608db42251d675da83286b1cce702) (ScriptedImporter) -> (artifact id: 'e46d51b02e1bd52ca086071a48c640ee') in 0.0311956 seconds
Number of updated asset objects reloaded before import = 0Number of asset objects unloaded after import = 3

========================================================================
Received Import Request.
  Time since last request: 0.000022 seconds.
  path: Assets/Images/Sprites/Hero/hero_jump_02.png
  artifactKey: Guid(eb06b724090f9914d9875eb0466e97f3) Importer(2089858483,192608db42251d675da83286b1cce702)
Start importing Assets/Images/Sprites/Hero/hero_jump_02.png using Guid(eb06b724090f9914d9875eb0466e97f3) Importer(2089858483,192608db42251d675da83286b1cce702) (ScriptedImporter) -> (artifact id: 'f03f3bcdbaa5c814bc3ed3c44b8677c3') in 0.0281351 seconds
Number of updated asset objects reloaded before import = 0Number of asset objects unloaded after import = 3

========================================================================
Received Import Request.
  Time since last request: 0.000023 seconds.
  path: Assets/Scripts/MainMenu.cs
  artifactKey: Guid(de6c44f946e7a4c159d82462529d4b09) Importer(2089858483,192608db42251d675da83286b1cce702)
Start importing Assets/Scripts/MainMenu.cs using Guid(de6c44f946e7a4c159d82462529d4b09) Importer(2089858483,192608db42251d675da83286b1cce702) (ScriptedImporter) -> (artifact id: '8a1caf7d108f5be9c867b4ec10a89765') in 0.0222198 seconds
Number of updated asset objects reloaded before import = 0Number of asset objects unloaded after import = 0

========================================================================
Received Import Request.
  Time since last request: 0.000065 seconds.
  path: Assets/Images/Sprites/Robot/robot_base_attack_00.png
  artifactKey: Guid(116a46edc86832748888e3402784494b) Importer(2089858483,192608db42251d675da83286b1cce702)
Start importing Assets/Images/Sprites/Robot/robot_base_attack_00.png using Guid(116a46edc86832748888e3402784494b) Importer(2089858483,192608db42251d675da83286b1cce702) (ScriptedImporter) -> (artifact id: '45110ec65b00fab2e818ed55f1b4c9eb') in 0.1829042 seconds
Number of updated asset objects reloaded before import = 0Number of asset objects unloaded after import = 3

========================================================================
Received Import Request.
  Time since last request: 0.000030 seconds.
  path: Assets/Images/Sprites/Powerup/weapon_attack_02_04.png
  artifactKey: Guid(524d532dfc92ca84d9493fa2e5f4ac37) Importer(2089858483,192608db42251d675da83286b1cce702)
Start importing Assets/Images/Sprites/Powerup/weapon_attack_02_04.png using Guid(524d532dfc92ca84d9493fa2e5f4ac37) Importer(2089858483,192608db42251d675da83286b1cce702) (ScriptedImporter) -> (artifact id: '9244cba5cb6b18a7da2317a3c2fdb59a') in 0.0318817 seconds
Number of updated asset objects reloaded before import = 0Number of asset objects unloaded after import = 3

========================================================================
Received Import Request.
  Time since last request: 0.000041 seconds.
  path: Assets/Images/Sprites/Hero/hero_getup_01.png
  artifactKey: Guid(a5435a80eba691442b211547f01484cf) Importer(2089858483,192608db42251d675da83286b1cce702)
Start importing Assets/Images/Sprites/Hero/hero_getup_01.png using Guid(a5435a80eba691442b211547f01484cf) Importer(2089858483,192608db42251d675da83286b1cce702) (ScriptedImporter) -> (artifact id: 'ed2c23446493cac1df44dc50950c15b2') in 0.1605738 seconds
Number of updated asset objects reloaded before import = 0Number of asset objects unloaded after import = 3

========================================================================
Received Import Request.
  Time since last request: 0.000026 seconds.
  path: Assets/Images/Sprites/Boss/boss_walk_01.png
  artifactKey: Guid(0c44f49ae66f6a84e8684ca1cbd2ee08) Importer(2089858483,192608db42251d675da83286b1cce702)
Start importing Assets/Images/Sprites/Boss/boss_walk_01.png using Guid(0c44f49ae66f6a84e8684ca1cbd2ee08) Importer(2089858483,192608db42251d675da83286b1cce702) (ScriptedImporter) -> (artifact id: '57713aae6ce561455ea8dab850546238') in 0.0299731 seconds
Number of updated asset objects reloaded before import = 0Number of asset objects unloaded after import = 3

========================================================================
Received Import Request.
  Time since last request: 0.000040 seconds.
  path: Assets/Images/Sprites/Hero/hero_hurt_01.png
  artifactKey: Guid(cba64fce49ec40246be5f0ceb7b8c50d) Importer(2089858483,192608db42251d675da83286b1cce702)
Start importing Assets/Images/Sprites/Hero/hero_hurt_01.png using Guid(cba64fce49ec40246be5f0ceb7b8c50d) Importer(2089858483,192608db42251d675da83286b1cce702) (ScriptedImporter) -> (artifact id: '3188da695bb93252c60b7b60107983f1') in 0.2068127 seconds
Number of updated asset objects reloaded before import = 0Number of asset objects unloaded after import = 3

========================================================================
Received Import Request.
  Time since last request: 0.000021 seconds.
  path: Assets/Images/Sprites/Misc/trashcan_hit_right.png
  artifactKey: Guid(66b7523461c4d2c4d9d315dd31727ed3) Importer(2089858483,192608db42251d675da83286b1cce702)
Start importing Assets/Images/Sprites/Misc/trashcan_hit_right.png using Guid(66b7523461c4d2c4d9d315dd31727ed3) Importer(2089858483,192608db42251d675da83286b1cce702) (ScriptedImporter) -> (artifact id: '81b4abe4543cc0af4621d9549eea562a') in 0.02777 seconds
Number of updated asset objects reloaded before import = 0Number of asset objects unloaded after import = 3

========================================================================
Received Import Request.
  Time since last request: 0.000032 seconds.
  path: Assets/Images/Sprites/Hero/hero_run_06.png
  artifactKey: Guid(2fcbd351c1e1971468d23101c72ba0b9) Importer(2089858483,192608db42251d675da83286b1cce702)
Start importing Assets/Images/Sprites/Hero/hero_run_06.png using Guid(2fcbd351c1e1971468d23101c72ba0b9) Importer(2089858483,192608db42251d675da83286b1cce702) (ScriptedImporter) -> (artifact id: '8ff993ffcbb2372809de500f5cc1ccb4') in 0.1696627 seconds
Number of updated asset objects reloaded before import = 0Number of asset objects unloaded after import = 3

========================================================================
Received Import Request.
  Time since last request: 0.000025 seconds.
  path: Assets/Images/Sprites/Robot/robot_base_getup_02.png
  artifactKey: Guid(2ed209c0f2fc6f84a8d4f6da91534757) Importer(2089858483,192608db42251d675da83286b1cce702)
Start importing Assets/Images/Sprites/Robot/robot_base_getup_02.png using Guid(2ed209c0f2fc6f84a8d4f6da91534757) Importer(2089858483,192608db42251d675da83286b1cce702) (ScriptedImporter) -> (artifact id: '4fa8df1d0cfb40f222bb5719cf3b608b') in 0.0302381 seconds
Number of updated asset objects reloaded before import = 0Number of asset objects unloaded after import = 3

========================================================================
Received Import Request.
  Time since last request: 0.000017 seconds.
  path: Assets/Images/Sprites/Robot/robot_base_hurt_01.png
  artifactKey: Guid(0360fed79593d3e43a076ccc4b94719f) Importer(2089858483,192608db42251d675da83286b1cce702)
Start importing Assets/Images/Sprites/Robot/robot_base_hurt_01.png using Guid(0360fed79593d3e43a076ccc4b94719f) Importer(2089858483,192608db42251d675da83286b1cce702) (ScriptedImporter) -> (artifact id: '2f858bdb5c0f68fc7c620720b12585ff') in 0.2606645 seconds
Number of updated asset objects reloaded before import = 0Number of asset objects unloaded after import = 3

========================================================================
Received Import Request.
  Time since last request: 0.000019 seconds.
  path: Assets/Images/Sprites/Robot/robot_base_knockout_03.png
  artifactKey: Guid(0d1c9b0121e76034e9e6a5c6119b934d) Importer(2089858483,192608db42251d675da83286b1cce702)
Start importing Assets/Images/Sprites/Robot/robot_base_knockout_03.png using Guid(0d1c9b0121e76034e9e6a5c6119b934d) Importer(2089858483,192608db42251d675da83286b1cce702) (ScriptedImporter) -> (artifact id: '3e0387720bae98ab537207003c1ee0c6') in 0.0351511 seconds
Number of updated asset objects reloaded before import = 0Number of asset objects unloaded after import = 3

========================================================================
Received Import Request.
  Time since last request: 0.000028 seconds.
  path: Assets/Images/Sprites/Robot/robot_base_walk_00.png
  artifactKey: Guid(3c090e80705819147aaa8428bf559154) Importer(2089858483,192608db42251d675da83286b1cce702)
Start importing Assets/Images/Sprites/Robot/robot_base_walk_00.png using Guid(3c090e80705819147aaa8428bf559154) Importer(2089858483,192608db42251d675da83286b1cce702) (ScriptedImporter) -> (artifact id: '595d54d1cc4491c4f60140851cac32b0') in 0.2891108 seconds
Number of updated asset objects reloaded before import = 0Number of asset objects unloaded after import = 3

========================================================================
Received Import Request.
  Time since last request: 0.000018 seconds.
  path: Assets/Images/Sprites/Robot/robot_belt_attack_03.png
  artifactKey: Guid(53e92f62511f3f34598b6de0eaa54821) Importer(2089858483,192608db42251d675da83286b1cce702)
Start importing Assets/Images/Sprites/Robot/robot_belt_attack_03.png using Guid(53e92f62511f3f34598b6de0eaa54821) Importer(2089858483,192608db42251d675da83286b1cce702) (ScriptedImporter) -> (artifact id: '6077b19302935d15b10341ba4f9b8e63') in 0.0404346 seconds
Number of updated asset objects reloaded before import = 0Number of asset objects unloaded after import = 3

========================================================================
Received Import Request.
  Time since last request: 0.000035 seconds.
  path: Assets/Images/Sprites/Robot/robot_belt_attack_02.png
  artifactKey: Guid(3a879c0bda67d0342a6b91c80ebf82bd) Importer(2089858483,192608db42251d675da83286b1cce702)
Start importing Assets/Images/Sprites/Robot/robot_belt_attack_02.png using Guid(3a879c0bda67d0342a6b91c80ebf82bd) Importer(2089858483,192608db42251d675da83286b1cce702) (ScriptedImporter) -> (artifact id: 'd5a9d61b766003774285e18d8214bc13') in 0.7307856 seconds
Number of updated asset objects reloaded before import = 0Number of asset objects unloaded after import = 3

========================================================================
Received Import Request.
  Time since last request: 0.000025 seconds.
  path: Assets/Images/Sprites/Robot/robot_belt_hurt_00.png
  artifactKey: Guid(cfd96336259a64a4c929f2cfff687d0f) Importer(2089858483,192608db42251d675da83286b1cce702)
Start importing Assets/Images/Sprites/Robot/robot_belt_hurt_00.png using Guid(cfd96336259a64a4c929f2cfff687d0f) Importer(2089858483,192608db42251d675da83286b1cce702) (ScriptedImporter) -> (artifact id: 'd629ef5d7f5d0edf49ec7d7b4d13b643') in 0.0386911 seconds
Number of updated asset objects reloaded before import = 0Number of asset objects unloaded after import = 3

========================================================================
Received Import Request.
  Time since last request: 0.000630 seconds.
  path: Assets/Images/Sprites/Robot/robot_belt_getup_05.png
  artifactKey: Guid(742c378d8a6cd474c84a99c49432b92e) Importer(2089858483,192608db42251d675da83286b1cce702)
Start importing Assets/Images/Sprites/Robot/robot_belt_getup_05.png using Guid(742c378d8a6cd474c84a99c49432b92e) Importer(2089858483,192608db42251d675da83286b1cce702) (ScriptedImporter) -> (artifact id: 'dbd46e54bf195324576218cbfd4bfbbd') in 0.0496239 seconds
Number of updated asset objects reloaded before import = 0Number of asset objects unloaded after import = 3

========================================================================
Received Import Request.
  Time since last request: 0.000023 seconds.
  path: Assets/Images/Sprites/Robot/robot_base_hurt_00.png
  artifactKey: Guid(a2ac41eeea0eace43a2b9eaf17b78b17) Importer(2089858483,192608db42251d675da83286b1cce702)
Start importing Assets/Images/Sprites/Robot/robot_base_hurt_00.png using Guid(a2ac41eeea0eace43a2b9eaf17b78b17) Importer(2089858483,192608db42251d675da83286b1cce702) (ScriptedImporter) -> (artifact id: 'f3a302554a0dcb96e77a11e860c192ca') in 0.2491219 seconds
Number of updated asset objects reloaded before import = 0Number of asset objects unloaded after import = 3

========================================================================
Received Import Request.
  Time since last request: 0.000025 seconds.
  path: Assets/Images/Sprites/Robot/robot_belt_getup_00.png
  artifactKey: Guid(69cea90a0886c274584409e9b639905c) Importer(2089858483,192608db42251d675da83286b1cce702)
Start importing Assets/Images/Sprites/Robot/robot_belt_getup_00.png using Guid(69cea90a0886c274584409e9b639905c) Importer(2089858483,192608db42251d675da83286b1cce702) (ScriptedImporter) -> (artifact id: 'ef80a1ea9209d56fff591c63e3ba6ec8') in 0.0649727 seconds
Number of updated asset objects reloaded before import = 0Number of asset objects unloaded after import = 3

========================================================================
Received Import Request.
  Time since last request: 0.000051 seconds.
  path: Assets/Images/Sprites/Robot/robot_belt_attack_00.png
  artifactKey: Guid(35cb3f8dc11ea58438da7fbb47b1c200) Importer(2089858483,192608db42251d675da83286b1cce702)
Start importing Assets/Images/Sprites/Robot/robot_belt_attack_00.png using Guid(35cb3f8dc11ea58438da7fbb47b1c200) Importer(2089858483,192608db42251d675da83286b1cce702) (ScriptedImporter) -> (artifact id: '628c35b4c9d29dc10e647d2f7442f7d9') in 0.2037393 seconds
Number of updated asset objects reloaded before import = 0Number of asset objects unloaded after import = 3

========================================================================
Received Import Request.
  Time since last request: 0.000022 seconds.
  path: Assets/Images/Sprites/Robot/robot_belt_knockout_00.png
  artifactKey: Guid(561893f031f509847aeceb4e7aadb6bb) Importer(2089858483,192608db42251d675da83286b1cce702)
Start importing Assets/Images/Sprites/Robot/robot_belt_knockout_00.png using Guid(561893f031f509847aeceb4e7aadb6bb) Importer(2089858483,192608db42251d675da83286b1cce702) (ScriptedImporter) -> (artifact id: 'cf4689ee9b45dbdb2cf864289280f992') in 0.0688931 seconds
Number of updated asset objects reloaded before import = 0Number of asset objects unloaded after import = 3

========================================================================
Received Import Request.
  Time since last request: 0.000059 seconds.
  path: Assets/Images/Sprites/Robot/robot_belt_idle_02.png
  artifactKey: Guid(5e933194579547c4bb16753cd4527cb6) Importer(2089858483,192608db42251d675da83286b1cce702)
Start importing Assets/Images/Sprites/Robot/robot_belt_idle_02.png using Guid(5e933194579547c4bb16753cd4527cb6) Importer(2089858483,192608db42251d675da83286b1cce702) (ScriptedImporter) -> (artifact id: 'e869721e70e9064c5a33edf4b85c12df') in 0.230551 seconds
Number of updated asset objects reloaded before import = 0Number of asset objects unloaded after import = 3

========================================================================
Received Import Request.
  Time since last request: 0.000019 seconds.
  path: Assets/Images/Sprites/Robot/robot_base_knockout_01.png
  artifactKey: Guid(ed49669c08a9f56438fccfd27d112831) Importer(2089858483,192608db42251d675da83286b1cce702)
Start importing Assets/Images/Sprites/Robot/robot_base_knockout_01.png using Guid(ed49669c08a9f56438fccfd27d112831) Importer(2089858483,192608db42251d675da83286b1cce702) (ScriptedImporter) -> (artifact id: '0dcc89e2874618e648817f62d8e73be4') in 0.0355206 seconds
Number of updated asset objects reloaded before import = 0Number of asset objects unloaded after import = 3

========================================================================
Received Import Request.
  Time since last request: 0.000034 seconds.
  path: Assets/Images/Sprites/Hero/hero_attack_00_01.png
  artifactKey: Guid(ce8060709fe07cf4c9bd4aa946ed9381) Importer(2089858483,192608db42251d675da83286b1cce702)
Start importing Assets/Images/Sprites/Hero/hero_attack_00_01.png using Guid(ce8060709fe07cf4c9bd4aa946ed9381) Importer(2089858483,192608db42251d675da83286b1cce702) (ScriptedImporter) -> (artifact id: 'b445252c55220eac158a35ee1d2aaca1') in 0.1224456 seconds
Number of updated asset objects reloaded before import = 0Number of asset objects unloaded after import = 3

========================================================================
Received Import Request.
  Time since last request: 0.000017 seconds.
  path: Assets/Images/Sprites/Robot/robot_base_idle_00.png
  artifactKey: Guid(38fdc95cd687b274590f356cec3d79c3) Importer(2089858483,192608db42251d675da83286b1cce702)
Start importing Assets/Images/Sprites/Robot/robot_base_idle_00.png using Guid(38fdc95cd687b274590f356cec3d79c3) Importer(2089858483,192608db42251d675da83286b1cce702) (ScriptedImporter) -> (artifact id: '6b8407de92a22dc622b9ae5008066dbf') in 0.0330323 seconds
Number of updated asset objects reloaded before import = 0Number of asset objects unloaded after import = 3

========================================================================
Received Import Request.
  Time since last request: 0.000014 seconds.
  path: Assets/Images/Sprites/Robot/robot_smoke_attack_00.png
  artifactKey: Guid(65bc01b1273e3cd40b2b2234452f2ee0) Importer(2089858483,192608db42251d675da83286b1cce702)
Start importing Assets/Images/Sprites/Robot/robot_smoke_attack_00.png using Guid(65bc01b1273e3cd40b2b2234452f2ee0) Importer(2089858483,192608db42251d675da83286b1cce702) (ScriptedImporter) -> (artifact id: '8f12b36067bd2db3f0acf2d631187e5d') in 0.052548 seconds
Number of updated asset objects reloaded before import = 0Number of asset objects unloaded after import = 3

========================================================================
Received Import Request.
  Time since last request: 0.000023 seconds.
  path: Assets/Images/Sprites/Robot/robot_belt_walk_05.png
  artifactKey: Guid(78526bbc65eadaa41a6bb90215b4bcdf) Importer(2089858483,192608db42251d675da83286b1cce702)
Start importing Assets/Images/Sprites/Robot/robot_belt_walk_05.png using Guid(78526bbc65eadaa41a6bb90215b4bcdf) Importer(2089858483,192608db42251d675da83286b1cce702) (ScriptedImporter) -> (artifact id: '110f7cbf1b1cb7a639795db23e1d9971') in 0.2724946 seconds
Number of updated asset objects reloaded before import = 0Number of asset objects unloaded after import = 3

========================================================================
Received Import Request.
  Time since last request: 0.000026 seconds.
  path: Assets/Images/Sprites/Robot/robot_belt_walk_04.png
  artifactKey: Guid(a5a27dbdf21f6b3479fc38c583646c8f) Importer(2089858483,192608db42251d675da83286b1cce702)
Start importing Assets/Images/Sprites/Robot/robot_belt_walk_04.png using Guid(a5a27dbdf21f6b3479fc38c583646c8f) Importer(2089858483,192608db42251d675da83286b1cce702) (ScriptedImporter) -> (artifact id: '70a5870ed17f203bc893394e701a46b6') in 0.0316761 seconds
Number of updated asset objects reloaded before import = 0Number of asset objects unloaded after import = 3

========================================================================
Received Import Request.
  Time since last request: 0.000017 seconds.
  path: Assets/Images/Sprites/Hero/hero_runattack_05.png
  artifactKey: Guid(1caaaa64e8f7f8f45a2c4c1a546c28e1) Importer(2089858483,192608db42251d675da83286b1cce702)
Start importing Assets/Images/Sprites/Hero/hero_runattack_05.png using Guid(1caaaa64e8f7f8f45a2c4c1a546c28e1) Importer(2089858483,192608db42251d675da83286b1cce702) (ScriptedImporter) -> (artifact id: '985f46d87543fe359979ac1eb0b5bdd5') in 0.5262616 seconds
Number of updated asset objects reloaded before import = 0Number of asset objects unloaded after import = 3

========================================================================
Received Import Request.
  Time since last request: 0.000032 seconds.
  path: Assets/Images/Sprites/Robot/robot_smoke_getup_04.png
  artifactKey: Guid(90c3db8c3a04bf44aab9ee45c3b832da) Importer(2089858483,192608db42251d675da83286b1cce702)
Start importing Assets/Images/Sprites/Robot/robot_smoke_getup_04.png using Guid(90c3db8c3a04bf44aab9ee45c3b832da) Importer(2089858483,192608db42251d675da83286b1cce702) (ScriptedImporter) -> (artifact id: '0171dc596180ee33f5e67d0f3f28c09e') in 0.0416411 seconds
Number of updated asset objects reloaded before import = 0Number of asset objects unloaded after import = 3

========================================================================
Received Import Request.
  Time since last request: 0.000031 seconds.
  path: Assets/Images/Sprites/Robot/robot_smoke_hurt_00.png
  artifactKey: Guid(50229c28ff4f84245961e86b145abdf6) Importer(2089858483,192608db42251d675da83286b1cce702)
Start importing Assets/Images/Sprites/Robot/robot_smoke_hurt_00.png using Guid(50229c28ff4f84245961e86b145abdf6) Importer(2089858483,192608db42251d675da83286b1cce702) (ScriptedImporter) -> (artifact id: '77d6be8f545702988b74a815c52d3d62') in 0.1843714 seconds
Number of updated asset objects reloaded before import = 0Number of asset objects unloaded after import = 3

========================================================================
Received Import Request.
  Time since last request: 0.000015 seconds.
  path: Assets/Images/Sprites/Robot/robot_smoke_hurt_02.png
  artifactKey: Guid(e1990a7cd6e6c124b9450cf4971a04d2) Importer(2089858483,192608db42251d675da83286b1cce702)
Start importing Assets/Images/Sprites/Robot/robot_smoke_hurt_02.png using Guid(e1990a7cd6e6c124b9450cf4971a04d2) Importer(2089858483,192608db42251d675da83286b1cce702) (ScriptedImporter) -> (artifact id: 'a396b38126b6eae1e1dea93fb4d01b49') in 0.0347603 seconds
Number of updated asset objects reloaded before import = 0Number of asset objects unloaded after import = 3

========================================================================
Received Import Request.
  Time since last request: 0.000032 seconds.
  path: Assets/Images/Sprites/Robot/robot_smoke_idle_00.png
  artifactKey: Guid(eaa4d030463441749a751e93e38af814) Importer(2089858483,192608db42251d675da83286b1cce702)
Start importing Assets/Images/Sprites/Robot/robot_smoke_idle_00.png using Guid(eaa4d030463441749a751e93e38af814) Importer(2089858483,192608db42251d675da83286b1cce702) (ScriptedImporter) -> (artifact id: '0309c60e10785ecce603da1d2fc862f2') in 0.1610647 seconds
Number of updated asset objects reloaded before import = 0Number of asset objects unloaded after import = 3

========================================================================
Received Import Request.
  Time since last request: 0.000024 seconds.
  path: Assets/Images/Sprites/Robot/robot_smoke_hurt_01.png
  artifactKey: Guid(f66dfdfe9bdcf2848a81936085104e4e) Importer(2089858483,192608db42251d675da83286b1cce702)
Start importing Assets/Images/Sprites/Robot/robot_smoke_hurt_01.png using Guid(f66dfdfe9bdcf2848a81936085104e4e) Importer(2089858483,192608db42251d675da83286b1cce702) (ScriptedImporter) -> (artifact id: '2657b04124f368e8cbe1447808b38517') in 0.0447086 seconds
Number of updated asset objects reloaded before import = 0Number of asset objects unloaded after import = 3

========================================================================
Received Import Request.
  Time since last request: 0.000023 seconds.
  path: Assets/Images/Sprites/Robot/robot_smoke_attack_01.png
  artifactKey: Guid(46fd93c93a38370448fb5b2e300eff68) Importer(2089858483,192608db42251d675da83286b1cce702)
Start importing Assets/Images/Sprites/Robot/robot_smoke_attack_01.png using Guid(46fd93c93a38370448fb5b2e300eff68) Importer(2089858483,192608db42251d675da83286b1cce702) (ScriptedImporter) -> (artifact id: 'd56430101ea80d18d292fdedb32cb003') in 0.036734 seconds
Number of updated asset objects reloaded before import = 0Number of asset objects unloaded after import = 3

========================================================================
Received Import Request.
  Time since last request: 0.000024 seconds.
  path: Assets/Images/Sprites/Robot/robot_base_walk_02.png
  artifactKey: Guid(df0391d538180ef43add61db644a5e7a) Importer(2089858483,192608db42251d675da83286b1cce702)
Start importing Assets/Images/Sprites/Robot/robot_base_walk_02.png using Guid(df0391d538180ef43add61db644a5e7a) Importer(2089858483,192608db42251d675da83286b1cce702) (ScriptedImporter) -> (artifact id: '00c4fde611eeacfa73e3c8ee856b6ba7') in 0.142398 seconds
Number of updated asset objects reloaded before import = 0Number of asset objects unloaded after import = 3

========================================================================
Received Import Request.
  Time since last request: 0.000019 seconds.
  path: Assets/Images/Sprites/Robot/robot_smoke_idle_04.png
  artifactKey: Guid(43c468a0282d58b4a9fd38e953158286) Importer(2089858483,192608db42251d675da83286b1cce702)
Start importing Assets/Images/Sprites/Robot/robot_smoke_idle_04.png using Guid(43c468a0282d58b4a9fd38e953158286) Importer(2089858483,192608db42251d675da83286b1cce702) (ScriptedImporter) -> (artifact id: '65f22973d47f9c9072d867de20fe0078') in 0.0501653 seconds
Number of updated asset objects reloaded before import = 0Number of asset objects unloaded after import = 3

========================================================================
Received Import Request.
  Time since last request: 0.000027 seconds.
  path: Assets/Images/Sprites/Robot/robot_smoke_idle_03.png
  artifactKey: Guid(522dddd9e820df5498498506d700b2cb) Importer(2089858483,192608db42251d675da83286b1cce702)
Start importing Assets/Images/Sprites/Robot/robot_smoke_idle_03.png using Guid(522dddd9e820df5498498506d700b2cb) Importer(2089858483,192608db42251d675da83286b1cce702) (ScriptedImporter) -> (artifact id: '2f81c51d5e647ef0d76b0574e4d0d73c') in 0.1578502 seconds
Number of updated asset objects reloaded before import = 0Number of asset objects unloaded after import = 3

========================================================================
Received Import Request.
  Time since last request: 0.000022 seconds.
  path: Assets/Images/Sprites/Robot/robot_smoke_knockout_00.png
  artifactKey: Guid(eb75ae88730044c45992d64c35555838) Importer(2089858483,192608db42251d675da83286b1cce702)
Start importing Assets/Images/Sprites/Robot/robot_smoke_knockout_00.png using Guid(eb75ae88730044c45992d64c35555838) Importer(2089858483,192608db42251d675da83286b1cce702) (ScriptedImporter) -> (artifact id: '198bb8ba68227f8ec98f024a7ec9b589') in 0.0329259 seconds
Number of updated asset objects reloaded before import = 0Number of asset objects unloaded after import = 3

========================================================================
Received Import Request.
  Time since last request: 0.000021 seconds.
  path: Assets/Images/Sprites/Robot/robot_smoke_knockout_01.png
  artifactKey: Guid(4da1f4ce6def06340b554a4d435e9c1f) Importer(2089858483,192608db42251d675da83286b1cce702)
Start importing Assets/Images/Sprites/Robot/robot_smoke_knockout_01.png using Guid(4da1f4ce6def06340b554a4d435e9c1f) Importer(2089858483,192608db42251d675da83286b1cce702) (ScriptedImporter) -> (artifact id: '7273af29a9e054d79d27146b185b3ea4') in 0.2059497 seconds
Number of updated asset objects reloaded before import = 0Number of asset objects unloaded after import = 3

========================================================================
Received Import Request.
  Time since last request: 0.000025 seconds.
  path: Assets/Images/Sprites/Robot/robot_base_knockout_00.png
  artifactKey: Guid(4ecd9e2e75f60d7409b7a52a6a045dc7) Importer(2089858483,192608db42251d675da83286b1cce702)
Start importing Assets/Images/Sprites/Robot/robot_base_knockout_00.png using Guid(4ecd9e2e75f60d7409b7a52a6a045dc7) Importer(2089858483,192608db42251d675da83286b1cce702) (ScriptedImporter) -> (artifact id: 'bd29143a5a19666049753aa2ea7ac7bc') in 0.0375545 seconds
Number of updated asset objects reloaded before import = 0Number of asset objects unloaded after import = 3

========================================================================
Received Import Request.
  Time since last request: 0.000024 seconds.
  path: Assets/Images/Sprites/Robot/robot_smoke_walk_02.png
  artifactKey: Guid(88389727971ceb042a295c483c2f98e8) Importer(2089858483,192608db42251d675da83286b1cce702)
Start importing Assets/Images/Sprites/Robot/robot_smoke_walk_02.png using Guid(88389727971ceb042a295c483c2f98e8) Importer(2089858483,192608db42251d675da83286b1cce702) (ScriptedImporter) -> (artifact id: '54e41efd2c8d5bacd9d5a990775bf857') in 0.1986883 seconds
Number of updated asset objects reloaded before import = 0Number of asset objects unloaded after import = 3

========================================================================
Received Import Request.
  Time since last request: 0.000025 seconds.
  path: Assets/Images/Sprites/Robot/robot_belt_attack_04.png
  artifactKey: Guid(69ab89ee2016e0248a4a9f6e84d85ecc) Importer(2089858483,192608db42251d675da83286b1cce702)
Start importing Assets/Images/Sprites/Robot/robot_belt_attack_04.png using Guid(69ab89ee2016e0248a4a9f6e84d85ecc) Importer(2089858483,192608db42251d675da83286b1cce702) (ScriptedImporter) -> (artifact id: '96eaada8186a28409c509ea133a76e26') in 0.0371038 seconds
Number of updated asset objects reloaded before import = 0Number of asset objects unloaded after import = 3

========================================================================
Received Import Request.
  Time since last request: 0.000026 seconds.
  path: Assets/Images/Sprites/Boss/boss_walk_03.png
  artifactKey: Guid(6993bbb0cfbd81b48bc90f582bb621e0) Importer(2089858483,192608db42251d675da83286b1cce702)
Start importing Assets/Images/Sprites/Boss/boss_walk_03.png using Guid(6993bbb0cfbd81b48bc90f582bb621e0) Importer(2089858483,192608db42251d675da83286b1cce702) (ScriptedImporter) -> (artifact id: '3233a18cf19522f67837b55b8453f9fd') in 0.0594666 seconds
Number of updated asset objects reloaded before import = 0Number of asset objects unloaded after import = 3

========================================================================
Received Import Request.
  Time since last request: 0.000035 seconds.
  path: Assets/Images/Sprites/Powerup/weapon_unequipped.png
  artifactKey: Guid(539e66fde292d4f47942b568f6121ec7) Importer(2089858483,192608db42251d675da83286b1cce702)
Start importing Assets/Images/Sprites/Powerup/weapon_unequipped.png using Guid(539e66fde292d4f47942b568f6121ec7) Importer(2089858483,192608db42251d675da83286b1cce702) (ScriptedImporter) -> (artifact id: 'b363f1c8702df94a8675e6b0de5cb4c0') in 0.0267079 seconds
Number of updated asset objects reloaded before import = 0Number of asset objects unloaded after import = 3

========================================================================
Received Import Request.
  Time since last request: 0.000016 seconds.
  path: Assets/Images/Sprites/Powerup/weapon_attack_00_02.png
  artifactKey: Guid(71b74b1cb5d985e4a9a50430f1f6d1b5) Importer(2089858483,192608db42251d675da83286b1cce702)
Start importing Assets/Images/Sprites/Powerup/weapon_attack_00_02.png using Guid(71b74b1cb5d985e4a9a50430f1f6d1b5) Importer(2089858483,192608db42251d675da83286b1cce702) (ScriptedImporter) -> (artifact id: 'f313c559a4fe0e145ffd24d3ec4c4677') in 0.0294951 seconds
Number of updated asset objects reloaded before import = 0Number of asset objects unloaded after import = 3

========================================================================
Received Import Request.
  Time since last request: 0.000021 seconds.
  path: Assets/Images/Sprites/Robot/robot_belt_getup_03.png
  artifactKey: Guid(e27c926aac66f1a4ba177c61cc1297c5) Importer(2089858483,192608db42251d675da83286b1cce702)
Start importing Assets/Images/Sprites/Robot/robot_belt_getup_03.png using Guid(e27c926aac66f1a4ba177c61cc1297c5) Importer(2089858483,192608db42251d675da83286b1cce702) (ScriptedImporter) -> (artifact id: '9366619bdb94a3017f117445923f5751') in 0.2611479 seconds
Number of updated asset objects reloaded before import = 0Number of asset objects unloaded after import = 3

========================================================================
Received Import Request.
  Time since last request: 0.000020 seconds.
  path: Assets/Images/Sprites/Powerup/weapon_walk_01.png
  artifactKey: Guid(06088cf49ab55bc4cbb5eac9c0bdf230) Importer(2089858483,192608db42251d675da83286b1cce702)
Start importing Assets/Images/Sprites/Powerup/weapon_walk_01.png using Guid(06088cf49ab55bc4cbb5eac9c0bdf230) Importer(2089858483,192608db42251d675da83286b1cce702) (ScriptedImporter) -> (artifact id: '33ce1a0dfdc96d6a111833fa5ae459de') in 0.0333137 seconds
Number of updated asset objects reloaded before import = 0Number of asset objects unloaded after import = 3

========================================================================
Received Import Request.
  Time since last request: 0.000026 seconds.
  path: Assets/Images/Sprites/Powerup/weapon_walk_04.png
  artifactKey: Guid(c49600615931d244ebf141e6124dd92b) Importer(2089858483,192608db42251d675da83286b1cce702)
Start importing Assets/Images/Sprites/Powerup/weapon_walk_04.png using Guid(c49600615931d244ebf141e6124dd92b) Importer(2089858483,192608db42251d675da83286b1cce702) (ScriptedImporter) -> (artifact id: 'cdb58c4c30f26cb7f2c47cb85c185761') in 0.2205761 seconds
Number of updated asset objects reloaded before import = 0Number of asset objects unloaded after import = 3

========================================================================
Received Import Request.
  Time since last request: 0.000021 seconds.
  path: Assets/Images/Sprites/Robot/robot_belt_knockout_01.png
  artifactKey: Guid(ce2e119187aa2f64d9008b4fac5d6769) Importer(2089858483,192608db42251d675da83286b1cce702)
Start importing Assets/Images/Sprites/Robot/robot_belt_knockout_01.png using Guid(ce2e119187aa2f64d9008b4fac5d6769) Importer(2089858483,192608db42251d675da83286b1cce702) (ScriptedImporter) -> (artifact id: 'e827ad6a29fe7f22ed2efa7911d6d3dd') in 0.0329644 seconds
Number of updated asset objects reloaded before import = 0Number of asset objects unloaded after import = 3

========================================================================
Received Import Request.
  Time since last request: 0.000031 seconds.
  path: Assets/Images/Sprites/Robot/robot_base_walk_03.png
  artifactKey: Guid(69a18ca9a782bfc49b7f5977dd533ac5) Importer(2089858483,192608db42251d675da83286b1cce702)
Start importing Assets/Images/Sprites/Robot/robot_base_walk_03.png using Guid(69a18ca9a782bfc49b7f5977dd533ac5) Importer(2089858483,192608db42251d675da83286b1cce702) (ScriptedImporter) -> (artifact id: '33450677cdd0cf8f644f4ba463ec45a0') in 0.2084996 seconds
Number of updated asset objects reloaded before import = 0Number of asset objects unloaded after import = 3

========================================================================
Received Import Request.
  Time since last request: 0.000018 seconds.
  path: Assets/Images/Sprites/Boss/boss_walk_05.png
  artifactKey: Guid(f768eb09e9253dd48a03647b904718cc) Importer(2089858483,192608db42251d675da83286b1cce702)
Start importing Assets/Images/Sprites/Boss/boss_walk_05.png using Guid(f768eb09e9253dd48a03647b904718cc) Importer(2089858483,192608db42251d675da83286b1cce702) (ScriptedImporter) -> (artifact id: '824229eea1644346e3f058260329103a') in 0.02929 seconds
Number of updated asset objects reloaded before import = 0Number of asset objects unloaded after import = 3

========================================================================
Received Import Request.
  Time since last request: 0.000026 seconds.
  path: Assets/Images/Sprites/Misc/hiteffect_00.png
  artifactKey: Guid(cdb6f4776a552344eadd1204bcbfb619) Importer(2089858483,192608db42251d675da83286b1cce702)
Start importing Assets/Images/Sprites/Misc/hiteffect_00.png using Guid(cdb6f4776a552344eadd1204bcbfb619) Importer(2089858483,192608db42251d675da83286b1cce702) (ScriptedImporter) -> (artifact id: '903a504c6ab12ef2ce10b19188300903') in 0.2721154 seconds
Number of updated asset objects reloaded before import = 0Number of asset objects unloaded after import = 3

========================================================================
Received Import Request.
  Time since last request: 0.000031 seconds.
  path: Assets/Images/Sprites/Robot/robot_base_getup_03.png
  artifactKey: Guid(c0a979f9ae1ae104c99b224fec5822d7) Importer(2089858483,192608db42251d675da83286b1cce702)
Start importing Assets/Images/Sprites/Robot/robot_base_getup_03.png using Guid(c0a979f9ae1ae104c99b224fec5822d7) Importer(2089858483,192608db42251d675da83286b1cce702) (ScriptedImporter) -> (artifact id: '76f4f35bc17aa52bfc3f7cb4b8de9ee9') in 0.0345489 seconds
Number of updated asset objects reloaded before import = 0Number of asset objects unloaded after import = 3

========================================================================
Received Import Request.
  Time since last request: 0.000028 seconds.
  path: Assets/Images/Sprites/Hero/hero_knockout_00.png
  artifactKey: Guid(4912ef3cab89d9848adf60f548086f73) Importer(2089858483,192608db42251d675da83286b1cce702)
Start importing Assets/Images/Sprites/Hero/hero_knockout_00.png using Guid(4912ef3cab89d9848adf60f548086f73) Importer(2089858483,192608db42251d675da83286b1cce702) (ScriptedImporter) -> (artifact id: '45d5114d733e97f3a8ce339d5b22ec69') in 0.0348781 seconds
Number of updated asset objects reloaded before import = 0Number of asset objects unloaded after import = 3

========================================================================
Received Import Request.
  Time since last request: 0.000017 seconds.
  path: Assets/Images/Sprites/Hero/hero_walk_07.png
  artifactKey: Guid(9a588929881d8a34abaa80fdcd6af523) Importer(2089858483,192608db42251d675da83286b1cce702)
Start importing Assets/Images/Sprites/Hero/hero_walk_07.png using Guid(9a588929881d8a34abaa80fdcd6af523) Importer(2089858483,192608db42251d675da83286b1cce702) (ScriptedImporter) -> (artifact id: 'c103f87cf3bc419c48f8d6f48484fec1') in 0.0351222 seconds
Number of updated asset objects reloaded before import = 0Number of asset objects unloaded after import = 3

========================================================================
Received Import Request.
  Time since last request: 0.000022 seconds.
  path: Assets/Images/Sprites/Boss/boss_attack_00.png
  artifactKey: Guid(c647174f67261da4da1d8d0fbecff564) Importer(2089858483,192608db42251d675da83286b1cce702)
Start importing Assets/Images/Sprites/Boss/boss_attack_00.png using Guid(c647174f67261da4da1d8d0fbecff564) Importer(2089858483,192608db42251d675da83286b1cce702) (ScriptedImporter) -> (artifact id: '0b2e1aeaddd33044a77bd463d06e4f60') in 0.3073721 seconds
Number of updated asset objects reloaded before import = 0Number of asset objects unloaded after import = 3

========================================================================
Received Import Request.
  Time since last request: 0.000277 seconds.
  path: Assets/Images/Sprites/Powerup/weapon_walk_00.png
  artifactKey: Guid(cc0ced52d8051a74496ee7083d8ed5f4) Importer(2089858483,192608db42251d675da83286b1cce702)
Start importing Assets/Images/Sprites/Powerup/weapon_walk_00.png using Guid(cc0ced52d8051a74496ee7083d8ed5f4) Importer(2089858483,192608db42251d675da83286b1cce702) (ScriptedImporter) -> (artifact id: 'd96677f0f7adaafc5f92b357afa66acf') in 0.0360082 seconds
Number of updated asset objects reloaded before import = 0Number of asset objects unloaded after import = 3

========================================================================
Received Import Request.
  Time since last request: 0.000027 seconds.
  path: Assets/Animation/Robots/robot_attack_anim.anim
  artifactKey: Guid(2e88f16d8b43ca74e842b15e213d3188) Importer(2089858483,192608db42251d675da83286b1cce702)
Start importing Assets/Animation/Robots/robot_attack_anim.anim using Guid(2e88f16d8b43ca74e842b15e213d3188) Importer(2089858483,192608db42251d675da83286b1cce702) (ScriptedImporter) -> (artifact id: '639193a70ae941bef97e77a000a18d0b') in 0.2238782 seconds
Number of updated asset objects reloaded before import = 0Number of asset objects unloaded after import = 1

========================================================================
Received Import Request.
  Time since last request: 0.000035 seconds.
  path: Assets/Animation/Boss/boss_idle_anim.anim
  artifactKey: Guid(2ea9783ef15e158489aa76458b11401b) Importer(2089858483,192608db42251d675da83286b1cce702)
Start importing Assets/Animation/Boss/boss_idle_anim.anim using Guid(2ea9783ef15e158489aa76458b11401b) Importer(2089858483,192608db42251d675da83286b1cce702) (ScriptedImporter) -> (artifact id: 'a6ab526853a6e078c35b4f6b0e3f9550') in 0.0293515 seconds
Number of updated asset objects reloaded before import = 0Number of asset objects unloaded after import = 1

========================================================================
Received Import Request.
  Time since last request: 0.000037 seconds.
  path: Assets/Meshes/WallSprites.asset
  artifactKey: Guid(21ac2c0a0350a4a99b1ed155cea5c39a) Importer(2089858483,192608db42251d675da83286b1cce702)
Start importing Assets/Meshes/WallSprites.asset using Guid(21ac2c0a0350a4a99b1ed155cea5c39a) Importer(2089858483,192608db42251d675da83286b1cce702) (ScriptedImporter) -> (artifact id: '1b95ecaeae5433f9e3c8cbe0c1381a90') in 0.2068038 seconds
Number of updated asset objects reloaded before import = 0Number of asset objects unloaded after import = 1

========================================================================
Received Import Request.
  Time since last request: 0.000039 seconds.
  path: Assets/Prefabs/LevelNameBanner.prefab
  artifactKey: Guid(523e52b57d302d7498fc0653a3f58295) Importer(2089858483,192608db42251d675da83286b1cce702)
Start importing Assets/Prefabs/LevelNameBanner.prefab using Guid(523e52b57d302d7498fc0653a3f58295) Importer(2089858483,192608db42251d675da83286b1cce702) (ScriptedImporter) -> (artifact id: '31617270a8ebc975684f58ba1232ddec') in 0.2275399 seconds
Number of updated asset objects reloaded before import = 0Number of asset objects unloaded after import = 21

========================================================================
Received Import Request.
  Time since last request: 0.000024 seconds.
  path: Assets/Images/Sprites/Hero/hero_walk_01.png
  artifactKey: Guid(c240fe877dcbd704e9d0446b8400545e) Importer(2089858483,192608db42251d675da83286b1cce702)
Start importing Assets/Images/Sprites/Hero/hero_walk_01.png using Guid(c240fe877dcbd704e9d0446b8400545e) Importer(2089858483,192608db42251d675da83286b1cce702) (ScriptedImporter) -> (artifact id: '75127375ef17358ee5661a24966644cc') in 0.0351032 seconds
Number of updated asset objects reloaded before import = 0Number of asset objects unloaded after import = 3

========================================================================
Received Import Request.
  Time since last request: 0.000062 seconds.
  path: Assets/Images/Sprites/Robot/robot_base_idle_01.png
  artifactKey: Guid(1114bf1330ecf344c99154a3f9a38b83) Importer(2089858483,192608db42251d675da83286b1cce702)
Start importing Assets/Images/Sprites/Robot/robot_base_idle_01.png using Guid(1114bf1330ecf344c99154a3f9a38b83) Importer(2089858483,192608db42251d675da83286b1cce702) (ScriptedImporter) -> (artifact id: 'edc312e67afe20c19ccf80a7445dadd2') in 0.2984471 seconds
Number of updated asset objects reloaded before import = 0Number of asset objects unloaded after import = 3

========================================================================
Received Import Request.
  Time since last request: 0.000429 seconds.
  path: Assets/Animation/Boss/boss_walk_anim.anim
  artifactKey: Guid(0e72b5fa42e2e2f44af84aaceb0aa7ea) Importer(2089858483,192608db42251d675da83286b1cce702)
Start importing Assets/Animation/Boss/boss_walk_anim.anim using Guid(0e72b5fa42e2e2f44af84aaceb0aa7ea) Importer(2089858483,192608db42251d675da83286b1cce702) (ScriptedImporter) -> (artifact id: '2970972eb1374298f262bdf76aadb942') in 0.0237132 seconds
Number of updated asset objects reloaded before import = 0Number of asset objects unloaded after import = 1

========================================================================
Received Import Request.
  Time since last request: 0.000048 seconds.
  path: Assets/Images/Sprites/Hero/hero_attack_01_00.png
  artifactKey: Guid(b4731e4f2bca72647851b49acc4e7205) Importer(2089858483,192608db42251d675da83286b1cce702)
Start importing Assets/Images/Sprites/Hero/hero_attack_01_00.png using Guid(b4731e4f2bca72647851b49acc4e7205) Importer(2089858483,192608db42251d675da83286b1cce702) (ScriptedImporter) -> (artifact id: '7d778920e319921abc64c7c1103fc2a5') in 0.0335511 seconds
Number of updated asset objects reloaded before import = 0Number of asset objects unloaded after import = 3

========================================================================
Received Import Request.
  Time since last request: 0.000019 seconds.
  path: Assets/Scripts/Hero.cs
  artifactKey: Guid(56e68fa2d0867414286f73802ee9ef93) Importer(2089858483,192608db42251d675da83286b1cce702)
Start importing Assets/Scripts/Hero.cs using Guid(56e68fa2d0867414286f73802ee9ef93) Importer(2089858483,192608db42251d675da83286b1cce702) (ScriptedImporter) -> (artifact id: '747cccaf38df9f70ca317ad3f70d2901') in 0.02278 seconds
Number of updated asset objects reloaded before import = 0Number of asset objects unloaded after import = 0

========================================================================
Received Import Request.
  Time since last request: 0.000077 seconds.
  path: Assets/Prefabs/EnemyLifeBar.prefab
  artifactKey: Guid(7775996b03bc94ab08f6c501ba8484b5) Importer(2089858483,192608db42251d675da83286b1cce702)
Start importing Assets/Prefabs/EnemyLifeBar.prefab using Guid(7775996b03bc94ab08f6c501ba8484b5) Importer(2089858483,192608db42251d675da83286b1cce702) (ScriptedImporter) -> (artifact id: 'daf5f554980747b4ac889ae9a0ddbd51') in 0.0340348 seconds
Number of updated asset objects reloaded before import = 0Number of asset objects unloaded after import = 27

========================================================================
Received Import Request.
  Time since last request: 0.000023 seconds.
  path: Assets/Animation/Hero/hero_attack2_anim.anim
  artifactKey: Guid(28c7d0ef903fb2e4b8add596b1d0436c) Importer(2089858483,192608db42251d675da83286b1cce702)
Start importing Assets/Animation/Hero/hero_attack2_anim.anim using Guid(28c7d0ef903fb2e4b8add596b1d0436c) Importer(2089858483,192608db42251d675da83286b1cce702) (ScriptedImporter) -> (artifact id: '01fac93da470c576a81ca097fa80a2dc') in 0.2311199 seconds
Number of updated asset objects reloaded before import = 0Number of asset objects unloaded after import = 1

========================================================================
Received Import Request.
  Time since last request: 0.000029 seconds.
  path: Assets/Images/Sprites/Misc/shadow_weapon.png
  artifactKey: Guid(5aa346cd5f5eea643a50764df0df2fec) Importer(2089858483,192608db42251d675da83286b1cce702)
Start importing Assets/Images/Sprites/Misc/shadow_weapon.png using Guid(5aa346cd5f5eea643a50764df0df2fec) Importer(2089858483,192608db42251d675da83286b1cce702) (ScriptedImporter) -> (artifact id: 'b6604fe16494af6b2707066e0cfe7e20') in 0.0355126 seconds
Number of updated asset objects reloaded before import = 0Number of asset objects unloaded after import = 3

========================================================================
Received Import Request.
  Time since last request: 0.000028 seconds.
  path: Assets/Images/Sprites/Powerup/weapon_walk_03.png
  artifactKey: Guid(c0d1981c18dd90a4bb85a953fb663698) Importer(2089858483,192608db42251d675da83286b1cce702)
Start importing Assets/Images/Sprites/Powerup/weapon_walk_03.png using Guid(c0d1981c18dd90a4bb85a953fb663698) Importer(2089858483,192608db42251d675da83286b1cce702) (ScriptedImporter) -> (artifact id: 'f3c63b264fb2840151be29d0a4be3736') in 0.2977443 seconds
Number of updated asset objects reloaded before import = 0Number of asset objects unloaded after import = 3

========================================================================
Received Import Request.
  Time since last request: 0.000020 seconds.
  path: Assets/Images/Sprites/Hero/hero_runattack_03.png
  artifactKey: Guid(4d52600778704bb42a18d4769b6b1d34) Importer(2089858483,192608db42251d675da83286b1cce702)
Start importing Assets/Images/Sprites/Hero/hero_runattack_03.png using Guid(4d52600778704bb42a18d4769b6b1d34) Importer(2089858483,192608db42251d675da83286b1cce702) (ScriptedImporter) -> (artifact id: '429bfd0deba337ac635fe1812beed591') in 0.0471725 seconds
Number of updated asset objects reloaded before import = 0Number of asset objects unloaded after import = 3

========================================================================
Received Import Request.
  Time since last request: 0.000028 seconds.
  path: Assets/Scripts/LoadMainMenu.cs
  artifactKey: Guid(d6dc58e72b57647a0a0886e42f7d1dce) Importer(2089858483,192608db42251d675da83286b1cce702)
Start importing Assets/Scripts/LoadMainMenu.cs using Guid(d6dc58e72b57647a0a0886e42f7d1dce) Importer(2089858483,192608db42251d675da83286b1cce702) (ScriptedImporter) -> (artifact id: 'e7521e9c6ab6155c4e1ed066f297360b') in 0.0259715 seconds
Number of updated asset objects reloaded before import = 0Number of asset objects unloaded after import = 0

========================================================================
Received Import Request.
  Time since last request: 0.000075 seconds.
  path: Assets/Images/Sprites/Boss/boss_attack_02.png
  artifactKey: Guid(8f8f86ee5827ae541b6d3c8a9a2defa5) Importer(2089858483,192608db42251d675da83286b1cce702)
Start importing Assets/Images/Sprites/Boss/boss_attack_02.png using Guid(8f8f86ee5827ae541b6d3c8a9a2defa5) Importer(2089858483,192608db42251d675da83286b1cce702) (ScriptedImporter) -> (artifact id: '539b3a4366098949bfd3aef6338a4aa7') in 0.1737688 seconds
Number of updated asset objects reloaded before import = 0Number of asset objects unloaded after import = 3

========================================================================
Received Import Request.
  Time since last request: 0.000021 seconds.
  path: Assets/Animation/Hero/hero_anim_controller.controller
  artifactKey: Guid(8ce2e693ca3eb46499634faead362844) Importer(2089858483,192608db42251d675da83286b1cce702)
Start importing Assets/Animation/Hero/hero_anim_controller.controller using Guid(8ce2e693ca3eb46499634faead362844) Importer(2089858483,192608db42251d675da83286b1cce702) (ScriptedImporter) -> (artifact id: '1faf94c5410f94b63efbbd181ee8111c') in 0.0365472 seconds
Number of updated asset objects reloaded before import = 0Number of asset objects unloaded after import = 66

========================================================================
Received Import Request.
  Time since last request: 0.000024 seconds.
  path: Assets/Images/Sprites/Robot/robot_base_attack_03.png
  artifactKey: Guid(6bf272c3c3762fb439ddb32f73c191b7) Importer(2089858483,192608db42251d675da83286b1cce702)
Start importing Assets/Images/Sprites/Robot/robot_base_attack_03.png using Guid(6bf272c3c3762fb439ddb32f73c191b7) Importer(2089858483,192608db42251d675da83286b1cce702) (ScriptedImporter) -> (artifact id: '54a30aa924d316d3ad0d9464589c688e') in 0.1781477 seconds
Number of updated asset objects reloaded before import = 0Number of asset objects unloaded after import = 3

========================================================================
Received Import Request.
  Time since last request: 0.000039 seconds.
  path: Assets/Images/Sprites/Robot/robot_smoke_attack_04.png
  artifactKey: Guid(52741801a3ce05f42ba5ff6779cf7bee) Importer(2089858483,192608db42251d675da83286b1cce702)
Start importing Assets/Images/Sprites/Robot/robot_smoke_attack_04.png using Guid(52741801a3ce05f42ba5ff6779cf7bee) Importer(2089858483,192608db42251d675da83286b1cce702) (ScriptedImporter) -> (artifact id: '89a146202a60190ed9aa395eaa68564f') in 0.0467566 seconds
Number of updated asset objects reloaded before import = 0Number of asset objects unloaded after import = 3

========================================================================
Received Import Request.
  Time since last request: 0.000017 seconds.
  path: Assets/Images/Sprites/Hero/hero_getup_00.png
  artifactKey: Guid(f3cb061b2125f884b8aa6f7846b30717) Importer(2089858483,192608db42251d675da83286b1cce702)
Start importing Assets/Images/Sprites/Hero/hero_getup_00.png using Guid(f3cb061b2125f884b8aa6f7846b30717) Importer(2089858483,192608db42251d675da83286b1cce702) (ScriptedImporter) -> (artifact id: '5c8b4451cf87773834d74d15fcbe4d76') in 0.2132894 seconds
Number of updated asset objects reloaded before import = 0Number of asset objects unloaded after import = 3

========================================================================
Received Import Request.
  Time since last request: 0.000032 seconds.
  path: Assets/Images/Sprites/Robot/robot_smoke_walk_03.png
  artifactKey: Guid(ae4975a3ae9f92e429eafc933b3a1297) Importer(2089858483,192608db42251d675da83286b1cce702)
Start importing Assets/Images/Sprites/Robot/robot_smoke_walk_03.png using Guid(ae4975a3ae9f92e429eafc933b3a1297) Importer(2089858483,192608db42251d675da83286b1cce702) (ScriptedImporter) -> (artifact id: '9b829115850c8b6bec1a10650a41b097') in 0.0394122 seconds
Number of updated asset objects reloaded before import = 0Number of asset objects unloaded after import = 3

========================================================================
Received Import Request.
  Time since last request: 0.000022 seconds.
  path: Assets/Images/Sprites/Robot/robot_base_idle_04.png
  artifactKey: Guid(13a099a4688cfd348a21514a4866bb85) Importer(2089858483,192608db42251d675da83286b1cce702)
Start importing Assets/Images/Sprites/Robot/robot_base_idle_04.png using Guid(13a099a4688cfd348a21514a4866bb85) Importer(2089858483,192608db42251d675da83286b1cce702) (ScriptedImporter) -> (artifact id: '9bce9f32035a26c2bc342339c05d14e9') in 0.0308107 seconds
Number of updated asset objects reloaded before import = 0Number of asset objects unloaded after import = 3

========================================================================
Received Import Request.
  Time since last request: 0.000020 seconds.
  path: Assets/Images/Sprites/Robot/robot_belt_walk_02.png
  artifactKey: Guid(04ddd722861673442b1da16d35087641) Importer(2089858483,192608db42251d675da83286b1cce702)
Start importing Assets/Images/Sprites/Robot/robot_belt_walk_02.png using Guid(04ddd722861673442b1da16d35087641) Importer(2089858483,192608db42251d675da83286b1cce702) (ScriptedImporter) -> (artifact id: 'd9415802fa7372a0295a50c9ab519c20') in 0.0280974 seconds
Number of updated asset objects reloaded before import = 0Number of asset objects unloaded after import = 3

========================================================================
Received Import Request.
  Time since last request: 0.000018 seconds.
  path: Assets/Images/Sprites/Robot/robot_base_walk_04.png
  artifactKey: Guid(58df1d94461da0c4b9b62596bfe632e1) Importer(2089858483,192608db42251d675da83286b1cce702)
Start importing Assets/Images/Sprites/Robot/robot_base_walk_04.png using Guid(58df1d94461da0c4b9b62596bfe632e1) Importer(2089858483,192608db42251d675da83286b1cce702) (ScriptedImporter) -> (artifact id: '7cb4c6e53ce4e5c7dd09595d670bb69b') in 0.2880508 seconds
Number of updated asset objects reloaded before import = 0Number of asset objects unloaded after import = 3

========================================================================
Received Import Request.
  Time since last request: 0.000019 seconds.
  path: Assets/Prefabs/HitValue.prefab
  artifactKey: Guid(e9b5c0ddbae7d114fa0170b412f3ab85) Importer(2089858483,192608db42251d675da83286b1cce702)
Start importing Assets/Prefabs/HitValue.prefab using Guid(e9b5c0ddbae7d114fa0170b412f3ab85) Importer(2089858483,192608db42251d675da83286b1cce702) (ScriptedImporter) -> (artifact id: 'e56bac7e1a9b1773022e5633f6afd7e8') in 0.0400393 seconds
Number of updated asset objects reloaded before import = 0Number of asset objects unloaded after import = 12

========================================================================
Received Import Request.
  Time since last request: 0.000033 seconds.
  path: Assets/Animation/Hero/hero_attack1_anim.anim
  artifactKey: Guid(5bc1cebf366dc2242bc124ed1092a667) Importer(2089858483,192608db42251d675da83286b1cce702)
Start importing Assets/Animation/Hero/hero_attack1_anim.anim using Guid(5bc1cebf366dc2242bc124ed1092a667) Importer(2089858483,192608db42251d675da83286b1cce702) (ScriptedImporter) -> (artifact id: 'ecfe794f1f5e2710441b17d1aa142940') in 0.2227187 seconds
Number of updated asset objects reloaded before import = 0Number of asset objects unloaded after import = 1

========================================================================
Received Import Request.
  Time since last request: 0.000041 seconds.
  path: Assets/Images/Sprites/Hero/hero_run_01.png
  artifactKey: Guid(7ba5cba6cc9005c4a8aba4a1a99dae0b) Importer(2089858483,192608db42251d675da83286b1cce702)
Start importing Assets/Images/Sprites/Hero/hero_run_01.png using Guid(7ba5cba6cc9005c4a8aba4a1a99dae0b) Importer(2089858483,192608db42251d675da83286b1cce702) (ScriptedImporter) -> (artifact id: '5c79b7c1a9da8ab576533c3a0b56d9b5') in 0.0320933 seconds
Number of updated asset objects reloaded before import = 0Number of asset objects unloaded after import = 3

========================================================================
Received Import Request.
  Time since last request: 0.000021 seconds.
  path: Assets/Images/Sprites/Misc/hiteffect_04.png
  artifactKey: Guid(2ad11a50eebe1314597d9bafd03b68c8) Importer(2089858483,192608db42251d675da83286b1cce702)
Start importing Assets/Images/Sprites/Misc/hiteffect_04.png using Guid(2ad11a50eebe1314597d9bafd03b68c8) Importer(2089858483,192608db42251d675da83286b1cce702) (ScriptedImporter) -> (artifact id: '8a4042c647b809957c5fb0b82ab7d751') in 0.2571793 seconds
Number of updated asset objects reloaded before import = 0Number of asset objects unloaded after import = 3

========================================================================
Received Import Request.
  Time since last request: 0.000019 seconds.
  path: Assets/Images/Sprites/Powerup/weapon_attack_00_01.png
  artifactKey: Guid(82cf3ebc940dae74197bceb6691223c4) Importer(2089858483,192608db42251d675da83286b1cce702)
Start importing Assets/Images/Sprites/Powerup/weapon_attack_00_01.png using Guid(82cf3ebc940dae74197bceb6691223c4) Importer(2089858483,192608db42251d675da83286b1cce702) (ScriptedImporter) -> (artifact id: '90b812bba3ec58e262b8f4d8c741ed95') in 0.0307376 seconds
Number of updated asset objects reloaded before import = 0Number of asset objects unloaded after import = 3

========================================================================
Received Import Request.
  Time since last request: 0.000032 seconds.
  path: Assets/Animation/UI/banner_hide_anim.anim
  artifactKey: Guid(29ea65b5cd7e5794183d6a13eba98512) Importer(2089858483,192608db42251d675da83286b1cce702)
Start importing Assets/Animation/UI/banner_hide_anim.anim using Guid(29ea65b5cd7e5794183d6a13eba98512) Importer(2089858483,192608db42251d675da83286b1cce702) (ScriptedImporter) -> (artifact id: 'cac4550e31fb4a6ba3d7a4c379ee038d') in 0.5602504 seconds
Number of updated asset objects reloaded before import = 0Number of asset objects unloaded after import = 1

========================================================================
Received Import Request.
  Time since last request: 0.000036 seconds.
  path: Assets/Images/Sprites/Robot/robot_smoke_getup_03.png
  artifactKey: Guid(b3a2c097ab0a47349a09ab84b16582c5) Importer(2089858483,192608db42251d675da83286b1cce702)
Start importing Assets/Images/Sprites/Robot/robot_smoke_getup_03.png using Guid(b3a2c097ab0a47349a09ab84b16582c5) Importer(2089858483,192608db42251d675da83286b1cce702) (ScriptedImporter) -> (artifact id: '9007968d584053dd9c2f9ba35bcf6196') in 0.0344114 seconds
Number of updated asset objects reloaded before import = 0Number of asset objects unloaded after import = 3

========================================================================
Received Prepare
Refreshing native plugins compatible for Editor in 8.43 ms, found 2 plugins.
Preloading 0 native plugins for Editor in 0.00 ms.
Unloading 0 Unused Serialized files (Serialized files now loaded: 0)
Unloading 15 unused Assets / (23.1 KB). Loaded Objects now: 3412.
Memory consumption went from 79.4 MB to 79.4 MB.
Total: 22.970200 ms (FindLiveObjects: 0.360900 ms CreateObjectMapping: 0.135900 ms MarkObjects: 22.320900 ms  DeleteObjects: 0.150800 ms)

Prepare: number of updated asset objects reloaded= 0
AssetImportParameters requested are different than current active one (requested -> active):
  buildTarget: platform 20, subtarget 0, extendedPlatform 0 -> platform 19, subtarget 2, extendedPlatform 0
  graphicsApiMask: 2048 -> 4
========================================================================
Received Prepare
Refreshing native plugins compatible for Editor in 7.99 ms, found 2 plugins.
Preloading 0 native plugins for Editor in 0.00 ms.
Unloading 0 Unused Serialized files (Serialized files now loaded: 0)
Unloading 0 unused Assets / (0 B). Loaded Objects now: 3412.
Memory consumption went from 79.3 MB to 79.3 MB.
Total: 24.571500 ms (FindLiveObjects: 0.312800 ms CreateObjectMapping: 0.133600 ms MarkObjects: 24.112600 ms  DeleteObjects: 0.010800 ms)

Prepare: number of updated asset objects reloaded= 0
AssetImportParameters requested are different than current active one (requested -> active):
  buildTarget: platform 20, subtarget 0, extendedPlatform 0 -> platform 19, subtarget 2, extendedPlatform 0
  graphicsApiMask: 2048 -> 4
========================================================================
Received Prepare
Begin MonoManager ReloadAssembly
[Licensing::Client] Successfully resolved entitlement details
[Licensing::Module] License group:
  Id: F4-EVHT-JB8B-J3Q2-F8WV-XXXX
  Product: Unity Personal
  Type: ULF
  Expiration: Unlimited
[Licensing::Module] License group:
  Id: 4673571140073-UnityPersXXXX
  Product: Unity Personal
  Type: Assigned
  Expiration: Unlimited
Symbol file LoadedFromMemory is not a mono symbol file
- Loaded All Assemblies, in  1.643 seconds
Refreshing native plugins compatible for Editor in 6.49 ms, found 2 plugins.
Native extension for AppleTV target not found
Native extension for iOS target not found
Native extension for Android target not found
Native extension for UWP target not found
Native extension for WindowsStandalone target not found
Native extension for WebGL target not found
[Package Manager] Failed to launch server process. Reason: Unity was launched with the -noUpm command-line argument
[Package Manager] Unable to send message (not connected to server process).
[Package Manager] Cannot connect to Unity Package Manager local server
Mono: successfully reloaded assembly
- Finished resetting the current domain, in  1.571 seconds
Domain Reload Profiling: 3206ms
	BeginReloadAssembly (389ms)
		ExecutionOrderSort (0ms)
		DisableScriptedObjects (13ms)
		BackupInstance (0ms)
		ReleaseScriptingObjects (0ms)
		CreateAndSetChildDomain (74ms)
	RebuildCommonClasses (70ms)
	RebuildNativeTypeToScriptingClass (32ms)
	initialDomainReloadingComplete (49ms)
	LoadAllAssembliesAndSetupDomain (1094ms)
		LoadAssemblies (787ms)
		RebuildTransferFunctionScriptingTraits (0ms)
		AnalyzeDomain (512ms)
			TypeCache.Refresh (283ms)
				TypeCache.ScanAssembly (265ms)
			BuildScriptInfoCaches (221ms)
			ResolveRequiredComponents (4ms)
	FinalizeReload (1572ms)
		ReleaseScriptCaches (0ms)
		RebuildScriptCaches (0ms)
		SetupLoadedEditorAssemblies (1351ms)
			LogAssemblyErrors (0ms)
			InitializePlatformSupportModulesInManaged (62ms)
			SetLoadedEditorAssemblies (7ms)
			BeforeProcessingInitializeOnLoad (177ms)
			ProcessInitializeOnLoadAttributes (759ms)
			ProcessInitializeOnLoadMethodAttributes (332ms)
			AfterProcessingInitializeOnLoad (14ms)
			EditorAssembliesLoaded (0ms)
		ExecutionOrderSort2 (0ms)
		AwakeInstancesAfterBackupRestoration (11ms)
Refreshing native plugins compatible for Editor in 9.69 ms, found 2 plugins.
Preloading 0 native plugins for Editor in 0.00 ms.
Unloading 0 Unused Serialized files (Serialized files now loaded: 0)
Unloading 2924 unused Assets / (1.0 MB). Loaded Objects now: 3413.
Memory consumption went from 81.5 MB to 80.5 MB.
Total: 17.455500 ms (FindLiveObjects: 0.504200 ms CreateObjectMapping: 0.238600 ms MarkObjects: 15.342100 ms  DeleteObjects: 1.368900 ms)

Prepare: number of updated asset objects reloaded= 0
AssetImportParameters requested are different than current active one (requested -> active):
  buildTarget: platform 20, subtarget 0, extendedPlatform 0 -> platform 19, subtarget 2, extendedPlatform 0
  graphicsApiMask: 2048 -> 4
========================================================================
Received Import Request.
  Time since last request: 2044.780718 seconds.
  path: Assets/Scenes/MainMenu.unity
  artifactKey: Guid(bfb6de3d359fd46bc901ed4de0ea7dec) Importer(815301076,1909f56bfc062723c751e8b465ee728b)
Start importing Assets/Scenes/MainMenu.unity using Guid(bfb6de3d359fd46bc901ed4de0ea7dec) Importer(815301076,1909f56bfc062723c751e8b465ee728b) (PreviewImporter) -> (artifact id: '877e56a42721ca17ce2d59b4e52aed66') in 0.0042688 seconds
Number of updated asset objects reloaded before import = 0Number of asset objects unloaded after import = 0

